nodes,ntasks,backend,solver_creation,solver_time,system,size,memory_type,send_type,cycles
256,1,MPIAdvance-CXI-Double-Buffering2,0.663425,0.503157,tuolumne,88320,coarse,Ready Send,1000
256,1,MPIAdvance-CXI-Single-Buffering2,0.491627,0.510996,tuolumne,88320,coarse,Standard,1000
256,1,Cray-MPICH-CXI-GPU-Enabled,0.32608,0.559041,tuolumne,88320,coarse,Standard,1000
256,1,MPIAdvance-CXI-Double-Buffering2,0.406443,0.269905,tuolumne,16384,coarse,Ready Send,1000
256,1,MPIAdvance-CXI-Single-Buffering2,0.447106,0.3707,tuolumne,16384,coarse,Standard,1000
256,1,Cray-MPICH-CXI-GPU-Enabled,0.376778,0.265966,tuolumne,16384,coarse,Standard,1000
256,2,MPIAdvance-CXI-Double-Buffering2,0.776517,0.277944,tuolumne,88320,coarse,Ready Send,1000
256,2,MPIAdvance-CXI-Single-Buffering2,0.662689,0.306518,tuolumne,88320,coarse,Standard,1000
256,2,Cray-MPICH-CXI-GPU-Enabled,0.503448,0.32048,tuolumne,88320,coarse,Standard,1000
256,2,MPIAdvance-CXI-Double-Buffering2,0.702501,0.23562,tuolumne,16384,coarse,Ready Send,1000
256,2,MPIAdvance-CXI-Single-Buffering2,0.61191,0.298952,tuolumne,16384,coarse,Standard,1000
256,2,Cray-MPICH-CXI-GPU-Enabled,0.52564,0.173217,tuolumne,16384,coarse,Standard,1000
256,4,MPIAdvance-CXI-Double-Buffering2,0.850962,0.176923,tuolumne,88320,coarse,Ready Send,1000
256,4,MPIAdvance-CXI-Single-Buffering2,0.910614,0.189254,tuolumne,88320,coarse,Standard,1000
256,4,Cray-MPICH-CXI-GPU-Enabled,0.673039,0.445845,tuolumne,88320,coarse,Standard,1000
256,4,MPIAdvance-CXI-Double-Buffering2,0.65239,0.144692,tuolumne,16384,coarse,Ready Send,1000
256,4,MPIAdvance-CXI-Single-Buffering2,0.596895,0.180114,tuolumne,16384,coarse,Standard,1000
256,4,Cray-MPICH-CXI-GPU-Enabled,0.547549,0.128122,tuolumne,16384,coarse,Standard,1000
512,1,MPIAdvance-CXI-Double-Buffering2,0.469388,0.307561,tuolumne,88320,coarse,Ready Send,1000
512,1,MPIAdvance-CXI-Single-Buffering2,0.353373,0.367549,tuolumne,88320,coarse,Standard,1000
512,1,Cray-MPICH-CXI-GPU-Enabled,0.168366,0.333764,tuolumne,88320,coarse,Standard,1000
512,1,MPIAdvance-CXI-Double-Buffering2,0.423386,0.288671,tuolumne,16384,coarse,Ready Send,1000
512,1,MPIAdvance-CXI-Single-Buffering2,0.432047,0.306609,tuolumne,16384,coarse,Standard,1000
512,1,Cray-MPICH-CXI-GPU-Enabled,0.31084,0.188846,tuolumne,16384,coarse,Standard,1000
512,2,MPIAdvance-CXI-Double-Buffering2,0.610535,0.239495,tuolumne,88320,coarse,Ready Send,1000
512,2,MPIAdvance-CXI-Single-Buffering2,0.586709,0.291118,tuolumne,88320,coarse,Standard,1000
512,2,Cray-MPICH-CXI-GPU-Enabled,0.449481,0.232738,tuolumne,88320,coarse,Standard,1000
512,2,MPIAdvance-CXI-Double-Buffering2,0.459852,0.236975,tuolumne,16384,coarse,Ready Send,1000
512,2,MPIAdvance-CXI-Single-Buffering2,0.443915,0.283554,tuolumne,16384,coarse,Standard,1000
512,2,Cray-MPICH-CXI-GPU-Enabled,0.399167,0.169559,tuolumne,16384,coarse,Standard,1000
512,4,MPIAdvance-CXI-Double-Buffering2,1.08076,0.145394,tuolumne,88320,coarse,Ready Send,1000
512,4,MPIAdvance-CXI-Single-Buffering2,0.954994,0.179079,tuolumne,88320,coarse,Standard,1000
512,4,Cray-MPICH-CXI-GPU-Enabled,0.730887,0.429452,tuolumne,88320,coarse,Standard,1000
512,4,MPIAdvance-CXI-Double-Buffering2,0.741691,0.140251,tuolumne,16384,coarse,Ready Send,1000
512,4,MPIAdvance-CXI-Single-Buffering2,0.686976,0.176996,tuolumne,16384,coarse,Standard,1000
512,4,Cray-MPICH-CXI-GPU-Enabled,0.661851,0.121401,tuolumne,16384,coarse,Standard,1000
1024,1,MPIAdvance-CXI-Double-Buffering2,0.565708,0.31513,tuolumne,88320,coarse,Ready Send,1000
1024,1,MPIAdvance-CXI-Single-Buffering2,0.413677,0.371805,tuolumne,88320,coarse,Standard,1000
1024,1,Cray-MPICH-CXI-GPU-Enabled,0.315947,0.261548,tuolumne,88320,coarse,Standard,1000
1024,1,MPIAdvance-CXI-Double-Buffering2,0.303221,0.30635,tuolumne,16384,coarse,Ready Send,1000
1024,1,MPIAdvance-CXI-Single-Buffering2,0.321476,0.372585,tuolumne,16384,coarse,Standard,1000
1024,1,Cray-MPICH-CXI-GPU-Enabled,0.272148,0.210179,tuolumne,16384,coarse,Standard,1000
1024,2,MPIAdvance-CXI-Double-Buffering2,0.737241,0.237853,tuolumne,88320,coarse,Ready Send,1000
1024,2,MPIAdvance-CXI-Single-Buffering2,0.565422,0.30826,tuolumne,88320,coarse,Standard,1000
1024,2,Cray-MPICH-CXI-GPU-Enabled,0.480053,0.200709,tuolumne,88320,coarse,Standard,1000
1024,2,MPIAdvance-CXI-Double-Buffering2,0.557856,0.232298,tuolumne,16384,coarse,Ready Send,1000
1024,2,MPIAdvance-CXI-Single-Buffering2,0.487303,0.294125,tuolumne,16384,coarse,Standard,1000
1024,2,Cray-MPICH-CXI-GPU-Enabled,0.443753,0.171801,tuolumne,16384,coarse,Standard,1000
1024,4,MPIAdvance-CXI-Double-Buffering2,0.831099,0.141663,tuolumne,88320,coarse,Ready Send,1000
1024,4,MPIAdvance-CXI-Single-Buffering2,0.862502,0.178408,tuolumne,88320,coarse,Standard,1000
1024,4,Cray-MPICH-CXI-GPU-Enabled,0.666686,0.409515,tuolumne,88320,coarse,Standard,1000
1024,4,MPIAdvance-CXI-Double-Buffering2,0.599128,0.139766,tuolumne,16384,coarse,Ready Send,1000
1024,4,MPIAdvance-CXI-Single-Buffering2,0.65821,0.176489,tuolumne,16384,coarse,Standard,1000
1024,4,Cray-MPICH-CXI-GPU-Enabled,0.448211,0.125775,tuolumne,16384,coarse,Standard,1000
256,1,MPIAdvance-CXI-Double-Buffering2,0.568739,0.497626,tuolumne,88320,coarse,Ready Send,1000
256,1,MPIAdvance-CXI-Single-Buffering2,0.385642,0.512394,tuolumne,88320,coarse,Standard,1000
256,1,Cray-MPICH-CXI-GPU-Enabled,0.315739,0.548963,tuolumne,88320,coarse,Standard,1000
256,1,MPIAdvance-CXI-Double-Buffering2,0.309774,0.311613,tuolumne,16384,coarse,Ready Send,1000
256,1,MPIAdvance-CXI-Single-Buffering2,0.37197,0.370503,tuolumne,16384,coarse,Standard,1000
256,1,Cray-MPICH-CXI-GPU-Enabled,0.233394,0.229907,tuolumne,16384,coarse,Standard,1000
256,2,MPIAdvance-CXI-Double-Buffering2,0.705544,0.280213,tuolumne,88320,coarse,Ready Send,1000
256,2,MPIAdvance-CXI-Single-Buffering2,0.614814,0.305613,tuolumne,88320,coarse,Standard,1000
256,2,Cray-MPICH-CXI-GPU-Enabled,0.512942,0.30904,tuolumne,88320,coarse,Standard,1000
256,2,MPIAdvance-CXI-Double-Buffering2,0.501592,0.236597,tuolumne,16384,coarse,Ready Send,1000
256,2,MPIAdvance-CXI-Single-Buffering2,0.484079,0.283307,tuolumne,16384,coarse,Standard,1000
256,2,Cray-MPICH-CXI-GPU-Enabled,0.320546,0.16901,tuolumne,16384,coarse,Standard,1000
256,4,MPIAdvance-CXI-Double-Buffering2,0.702913,0.176779,tuolumne,88320,coarse,Ready Send,1000
256,4,MPIAdvance-CXI-Single-Buffering2,0.701996,0.190309,tuolumne,88320,coarse,Standard,1000
256,4,Cray-MPICH-CXI-GPU-Enabled,0.631024,0.454026,tuolumne,88320,coarse,Standard,1000
256,4,MPIAdvance-CXI-Double-Buffering2,0.60974,0.144269,tuolumne,16384,coarse,Ready Send,1000
256,4,MPIAdvance-CXI-Single-Buffering2,0.542379,0.179648,tuolumne,16384,coarse,Standard,1000
256,4,Cray-MPICH-CXI-GPU-Enabled,0.515334,0.128414,tuolumne,16384,coarse,Standard,1000
512,1,MPIAdvance-CXI-Double-Buffering2,0.347533,0.319317,tuolumne,88320,coarse,Ready Send,1000
512,1,MPIAdvance-CXI-Single-Buffering2,0.419472,0.359526,tuolumne,88320,coarse,Standard,1000
512,1,Cray-MPICH-CXI-GPU-Enabled,0.348991,0.347612,tuolumne,88320,coarse,Standard,1000
512,1,MPIAdvance-CXI-Double-Buffering2,0.409733,0.296649,tuolumne,16384,coarse,Ready Send,1000
512,1,MPIAdvance-CXI-Single-Buffering2,0.427594,0.370237,tuolumne,16384,coarse,Standard,1000
512,1,Cray-MPICH-CXI-GPU-Enabled,0.313995,0.170472,tuolumne,16384,coarse,Standard,1000
512,2,MPIAdvance-CXI-Double-Buffering2,0.631925,0.24231,tuolumne,88320,coarse,Ready Send,1000
512,2,MPIAdvance-CXI-Single-Buffering2,0.585243,0.296095,tuolumne,88320,coarse,Standard,1000
512,2,Cray-MPICH-CXI-GPU-Enabled,0.367652,0.216909,tuolumne,88320,coarse,Standard,1000
512,2,MPIAdvance-CXI-Double-Buffering2,0.436709,0.243794,tuolumne,16384,coarse,Ready Send,1000
512,2,MPIAdvance-CXI-Single-Buffering2,0.477793,0.299232,tuolumne,16384,coarse,Standard,1000
512,2,Cray-MPICH-CXI-GPU-Enabled,0.328877,0.170391,tuolumne,16384,coarse,Standard,1000
512,4,MPIAdvance-CXI-Double-Buffering2,0.832258,0.143755,tuolumne,88320,coarse,Ready Send,1000
512,4,MPIAdvance-CXI-Single-Buffering2,0.750506,0.179183,tuolumne,88320,coarse,Standard,1000
512,4,Cray-MPICH-CXI-GPU-Enabled,0.581879,0.421728,tuolumne,88320,coarse,Standard,1000
512,4,MPIAdvance-CXI-Double-Buffering2,0.595299,0.140952,tuolumne,16384,coarse,Ready Send,1000
512,4,MPIAdvance-CXI-Single-Buffering2,0.522873,0.177437,tuolumne,16384,coarse,Standard,1000
512,4,Cray-MPICH-CXI-GPU-Enabled,0.560601,0.121752,tuolumne,16384,coarse,Standard,1000
1024,1,MPIAdvance-CXI-Double-Buffering2,0.355536,0.311269,tuolumne,88320,coarse,Ready Send,1000
1024,1,MPIAdvance-CXI-Single-Buffering2,0.28208,0.385894,tuolumne,88320,coarse,Standard,1000
1024,1,Cray-MPICH-CXI-GPU-Enabled,0.297482,0.249789,tuolumne,88320,coarse,Standard,1000
1024,1,MPIAdvance-CXI-Double-Buffering2,0.216048,0.295479,tuolumne,16384,coarse,Ready Send,1000
1024,1,MPIAdvance-CXI-Single-Buffering2,0.315746,0.386575,tuolumne,16384,coarse,Standard,1000
1024,1,Cray-MPICH-CXI-GPU-Enabled,0.190145,0.204021,tuolumne,16384,coarse,Standard,1000
1024,2,MPIAdvance-CXI-Double-Buffering2,0.599304,0.236893,tuolumne,88320,coarse,Ready Send,1000
1024,2,MPIAdvance-CXI-Single-Buffering2,0.576132,0.312574,tuolumne,88320,coarse,Standard,1000
1024,2,Cray-MPICH-CXI-GPU-Enabled,0.410879,0.202813,tuolumne,88320,coarse,Standard,1000
1024,2,MPIAdvance-CXI-Double-Buffering2,0.446082,0.235674,tuolumne,16384,coarse,Ready Send,1000
1024,2,MPIAdvance-CXI-Single-Buffering2,0.405478,0.300464,tuolumne,16384,coarse,Standard,1000
1024,2,Cray-MPICH-CXI-GPU-Enabled,0.318947,0.169456,tuolumne,16384,coarse,Standard,1000
1024,4,MPIAdvance-CXI-Double-Buffering2,0.799397,0.14377,tuolumne,88320,coarse,Ready Send,1000
1024,4,MPIAdvance-CXI-Single-Buffering2,0.823158,0.177717,tuolumne,88320,coarse,Standard,1000
1024,4,Cray-MPICH-CXI-GPU-Enabled,0.606246,0.397267,tuolumne,88320,coarse,Standard,1000
1024,4,MPIAdvance-CXI-Double-Buffering2,0.534208,0.139888,tuolumne,16384,coarse,Ready Send,1000
1024,4,MPIAdvance-CXI-Single-Buffering2,0.487103,0.176223,tuolumne,16384,coarse,Standard,1000
1024,4,Cray-MPICH-CXI-GPU-Enabled,0.479885,0.124221,tuolumne,16384,coarse,Standard,1000
256,1,MPIAdvance-CXI-Double-Buffering2,0.30821,0.50058,tuolumne,88320,coarse,Ready Send,1000
256,1,MPIAdvance-CXI-Single-Buffering2,0.396454,0.516109,tuolumne,88320,coarse,Standard,1000
256,1,Cray-MPICH-CXI-GPU-Enabled,0.299558,0.576312,tuolumne,88320,coarse,Standard,1000
256,1,MPIAdvance-CXI-Double-Buffering2,0.352368,0.292404,tuolumne,16384,coarse,Ready Send,1000
256,1,MPIAdvance-CXI-Single-Buffering2,0.373823,0.362956,tuolumne,16384,coarse,Standard,1000
256,1,Cray-MPICH-CXI-GPU-Enabled,0.234203,0.14667,tuolumne,16384,coarse,Standard,1000
256,2,MPIAdvance-CXI-Double-Buffering2,0.628805,0.275303,tuolumne,88320,coarse,Ready Send,1000
256,2,MPIAdvance-CXI-Single-Buffering2,0.554484,0.304079,tuolumne,88320,coarse,Standard,1000
256,2,Cray-MPICH-CXI-GPU-Enabled,0.346384,0.316314,tuolumne,88320,coarse,Standard,1000
256,2,MPIAdvance-CXI-Double-Buffering2,0.540944,0.216016,tuolumne,16384,coarse,Ready Send,1000
256,2,MPIAdvance-CXI-Single-Buffering2,0.506783,0.300091,tuolumne,16384,coarse,Standard,1000
256,2,Cray-MPICH-CXI-GPU-Enabled,0.377403,0.175991,tuolumne,16384,coarse,Standard,1000
256,4,MPIAdvance-CXI-Double-Buffering2,0.721293,0.176964,tuolumne,88320,coarse,Ready Send,1000
256,4,MPIAdvance-CXI-Single-Buffering2,0.678963,0.19065,tuolumne,88320,coarse,Standard,1000
256,4,Cray-MPICH-CXI-GPU-Enabled,0.454029,0.451317,tuolumne,88320,coarse,Standard,1000
256,4,MPIAdvance-CXI-Double-Buffering2,0.462363,0.145022,tuolumne,16384,coarse,Ready Send,1000
256,4,MPIAdvance-CXI-Single-Buffering2,0.437981,0.181448,tuolumne,16384,coarse,Standard,1000
256,4,Cray-MPICH-CXI-GPU-Enabled,0.40925,0.127718,tuolumne,16384,coarse,Standard,1000
512,1,MPIAdvance-CXI-Double-Buffering2,0.280671,0.326815,tuolumne,88320,coarse,Ready Send,1000
512,1,MPIAdvance-CXI-Single-Buffering2,0.41018,0.347597,tuolumne,88320,coarse,Standard,1000
512,1,Cray-MPICH-CXI-GPU-Enabled,0.326009,0.342378,tuolumne,88320,coarse,Standard,1000
512,1,MPIAdvance-CXI-Double-Buffering2,0.448651,0.285802,tuolumne,16384,coarse,Ready Send,1000
512,1,MPIAdvance-CXI-Single-Buffering2,0.396833,0.190408,tuolumne,16384,coarse,Standard,1000
512,1,Cray-MPICH-CXI-GPU-Enabled,0.344733,0.181255,tuolumne,16384,coarse,Standard,1000
512,2,MPIAdvance-CXI-Double-Buffering2,0.450122,0.239858,tuolumne,88320,coarse,Ready Send,1000
512,2,MPIAdvance-CXI-Single-Buffering2,0.471374,0.279337,tuolumne,88320,coarse,Standard,1000
512,2,Cray-MPICH-CXI-GPU-Enabled,0.426759,0.24223,tuolumne,88320,coarse,Standard,1000
512,2,MPIAdvance-CXI-Double-Buffering2,0.395204,0.237823,tuolumne,16384,coarse,Ready Send,1000
512,2,MPIAdvance-CXI-Single-Buffering2,0.32147,0.286253,tuolumne,16384,coarse,Standard,1000
512,2,Cray-MPICH-CXI-GPU-Enabled,0.385929,0.161794,tuolumne,16384,coarse,Standard,1000
512,4,MPIAdvance-CXI-Double-Buffering2,0.770736,0.146089,tuolumne,88320,coarse,Ready Send,1000
512,4,MPIAdvance-CXI-Single-Buffering2,0.690467,0.179324,tuolumne,88320,coarse,Standard,1000
512,4,Cray-MPICH-CXI-GPU-Enabled,0.536215,0.405501,tuolumne,88320,coarse,Standard,1000
512,4,MPIAdvance-CXI-Double-Buffering2,0.559136,0.141525,tuolumne,16384,coarse,Ready Send,1000
512,4,MPIAdvance-CXI-Single-Buffering2,0.542956,0.176823,tuolumne,16384,coarse,Standard,1000
512,4,Cray-MPICH-CXI-GPU-Enabled,0.471261,0.120531,tuolumne,16384,coarse,Standard,1000
1024,1,MPIAdvance-CXI-Double-Buffering2,0.411933,0.32109,tuolumne,88320,coarse,Ready Send,1000
1024,1,MPIAdvance-CXI-Single-Buffering2,0.332413,0.358667,tuolumne,88320,coarse,Standard,1000
1024,1,Cray-MPICH-CXI-GPU-Enabled,0.28192,0.261245,tuolumne,88320,coarse,Standard,1000
1024,1,MPIAdvance-CXI-Double-Buffering2,0.305712,0.291164,tuolumne,16384,coarse,Ready Send,1000
1024,1,MPIAdvance-CXI-Single-Buffering2,0.242103,0.375372,tuolumne,16384,coarse,Standard,1000
1024,1,Cray-MPICH-CXI-GPU-Enabled,0.316699,0.201524,tuolumne,16384,coarse,Standard,1000
1024,2,MPIAdvance-CXI-Double-Buffering2,0.600483,0.23348,tuolumne,88320,coarse,Ready Send,1000
1024,2,MPIAdvance-CXI-Single-Buffering2,0.503775,0.28929,tuolumne,88320,coarse,Standard,1000
1024,2,Cray-MPICH-CXI-GPU-Enabled,0.431187,0.199943,tuolumne,88320,coarse,Standard,1000
1024,2,MPIAdvance-CXI-Double-Buffering2,0.439346,0.236068,tuolumne,16384,coarse,Ready Send,1000
1024,2,MPIAdvance-CXI-Single-Buffering2,0.409417,0.295097,tuolumne,16384,coarse,Standard,1000
1024,2,Cray-MPICH-CXI-GPU-Enabled,0.326246,0.180216,tuolumne,16384,coarse,Standard,1000
1024,4,MPIAdvance-CXI-Double-Buffering2,0.816149,0.140398,tuolumne,88320,coarse,Ready Send,1000
1024,4,MPIAdvance-CXI-Single-Buffering2,0.681479,0.17636,tuolumne,88320,coarse,Standard,1000
1024,4,Cray-MPICH-CXI-GPU-Enabled,0.561957,0.378226,tuolumne,88320,coarse,Standard,1000
1024,4,MPIAdvance-CXI-Double-Buffering2,0.55901,0.140002,tuolumne,16384,coarse,Ready Send,1000
1024,4,MPIAdvance-CXI-Single-Buffering2,0.548437,0.176278,tuolumne,16384,coarse,Standard,1000
1024,4,Cray-MPICH-CXI-GPU-Enabled,0.470573,0.12641,tuolumne,16384,coarse,Standard,1000
256,1,MPIAdvance-CXI-Double-Buffering2,0.292433,0.502179,tuolumne,88320,coarse,Ready Send,1000
256,1,MPIAdvance-CXI-Single-Buffering2,0.333399,0.513615,tuolumne,88320,coarse,Standard,1000
256,1,Cray-MPICH-CXI-GPU-Enabled,0.300771,0.540739,tuolumne,88320,coarse,Standard,1000
256,1,MPIAdvance-CXI-Double-Buffering2,0.338457,0.285374,tuolumne,16384,coarse,Ready Send,1000
256,1,MPIAdvance-CXI-Single-Buffering2,0.365047,0.385547,tuolumne,16384,coarse,Standard,1000
256,1,Cray-MPICH-CXI-GPU-Enabled,0.276953,0.227085,tuolumne,16384,coarse,Standard,1000
256,2,MPIAdvance-CXI-Double-Buffering2,0.478127,0.27615,tuolumne,88320,coarse,Ready Send,1000
256,2,MPIAdvance-CXI-Single-Buffering2,0.471674,0.304201,tuolumne,88320,coarse,Standard,1000
256,2,Cray-MPICH-CXI-GPU-Enabled,0.345128,0.334053,tuolumne,88320,coarse,Standard,1000
256,2,MPIAdvance-CXI-Double-Buffering2,0.454009,0.238193,tuolumne,16384,coarse,Ready Send,1000
256,2,MPIAdvance-CXI-Single-Buffering2,0.46736,0.30845,tuolumne,16384,coarse,Standard,1000
256,2,Cray-MPICH-CXI-GPU-Enabled,0.290027,0.171504,tuolumne,16384,coarse,Standard,1000
256,4,MPIAdvance-CXI-Double-Buffering2,0.792765,0.177156,tuolumne,88320,coarse,Ready Send,1000
256,4,MPIAdvance-CXI-Single-Buffering2,0.641139,0.187852,tuolumne,88320,coarse,Standard,1000
256,4,Cray-MPICH-CXI-GPU-Enabled,0.496215,0.4302,tuolumne,88320,coarse,Standard,1000
256,4,MPIAdvance-CXI-Double-Buffering2,0.450359,0.144041,tuolumne,16384,coarse,Ready Send,1000
256,4,MPIAdvance-CXI-Single-Buffering2,0.479213,0.180111,tuolumne,16384,coarse,Standard,1000
256,4,Cray-MPICH-CXI-GPU-Enabled,0.422026,0.127948,tuolumne,16384,coarse,Standard,1000
512,1,MPIAdvance-CXI-Double-Buffering2,0.389534,0.463129,tuolumne,88320,coarse,Ready Send,1000
512,1,MPIAdvance-CXI-Single-Buffering2,0.23913,0.384726,tuolumne,88320,coarse,Standard,1000
512,1,Cray-MPICH-CXI-GPU-Enabled,0.36392,0.336323,tuolumne,88320,coarse,Standard,1000
512,1,MPIAdvance-CXI-Double-Buffering2,0.428471,0.303946,tuolumne,16384,coarse,Ready Send,1000
512,1,MPIAdvance-CXI-Single-Buffering2,0.467081,0.371628,tuolumne,16384,coarse,Standard,1000
512,1,Cray-MPICH-CXI-GPU-Enabled,0.367777,0.183084,tuolumne,16384,coarse,Standard,1000
512,2,MPIAdvance-CXI-Double-Buffering2,0.581312,0.232604,tuolumne,88320,coarse,Ready Send,1000
512,2,MPIAdvance-CXI-Single-Buffering2,0.554408,0.304144,tuolumne,88320,coarse,Standard,1000
512,2,Cray-MPICH-CXI-GPU-Enabled,0.308874,0.238546,tuolumne,88320,coarse,Standard,1000
512,2,MPIAdvance-CXI-Double-Buffering2,0.449618,0.23794,tuolumne,16384,coarse,Ready Send,1000
512,2,MPIAdvance-CXI-Single-Buffering2,0.47315,0.32151,tuolumne,16384,coarse,Standard,1000
512,2,Cray-MPICH-CXI-GPU-Enabled,0.322052,0.173825,tuolumne,16384,coarse,Standard,1000
512,4,MPIAdvance-CXI-Double-Buffering2,0.835011,0.144539,tuolumne,88320,coarse,Ready Send,1000
512,4,MPIAdvance-CXI-Single-Buffering2,0.711834,0.18035,tuolumne,88320,coarse,Standard,1000
512,4,Cray-MPICH-CXI-GPU-Enabled,0.578609,0.393657,tuolumne,88320,coarse,Standard,1000
512,4,MPIAdvance-CXI-Double-Buffering2,0.609881,0.140346,tuolumne,16384,coarse,Ready Send,1000
512,4,MPIAdvance-CXI-Single-Buffering2,0.57488,0.176488,tuolumne,16384,coarse,Standard,1000
512,4,Cray-MPICH-CXI-GPU-Enabled,0.508104,0.122265,tuolumne,16384,coarse,Standard,1000
1024,1,MPIAdvance-CXI-Double-Buffering2,0.328418,0.320801,tuolumne,88320,coarse,Ready Send,1000
1024,1,MPIAdvance-CXI-Single-Buffering2,0.396815,0.385854,tuolumne,88320,coarse,Standard,1000
1024,1,Cray-MPICH-CXI-GPU-Enabled,0.344585,0.242347,tuolumne,88320,coarse,Standard,1000
1024,1,MPIAdvance-CXI-Double-Buffering2,0.316609,0.296133,tuolumne,16384,coarse,Ready Send,1000
1024,1,MPIAdvance-CXI-Single-Buffering2,0.310316,0.379489,tuolumne,16384,coarse,Standard,1000
1024,1,Cray-MPICH-CXI-GPU-Enabled,0.311235,0.194744,tuolumne,16384,coarse,Standard,1000
1024,2,MPIAdvance-CXI-Double-Buffering2,0.670606,0.238546,tuolumne,88320,coarse,Ready Send,1000
1024,2,MPIAdvance-CXI-Single-Buffering2,0.421432,0.312394,tuolumne,88320,coarse,Standard,1000
1024,2,Cray-MPICH-CXI-GPU-Enabled,0.444335,0.204659,tuolumne,88320,coarse,Standard,1000
1024,2,MPIAdvance-CXI-Double-Buffering2,0.412101,0.238098,tuolumne,16384,coarse,Ready Send,1000
1024,2,MPIAdvance-CXI-Single-Buffering2,0.478482,0.31356,tuolumne,16384,coarse,Standard,1000
1024,2,Cray-MPICH-CXI-GPU-Enabled,0.380195,0.176538,tuolumne,16384,coarse,Standard,1000
1024,4,MPIAdvance-CXI-Double-Buffering2,0.704397,0.140697,tuolumne,88320,coarse,Ready Send,1000
1024,4,MPIAdvance-CXI-Single-Buffering2,0.630834,0.176554,tuolumne,88320,coarse,Standard,1000
1024,4,Cray-MPICH-CXI-GPU-Enabled,0.553083,0.414549,tuolumne,88320,coarse,Standard,1000
1024,4,MPIAdvance-CXI-Double-Buffering2,0.555504,0.139766,tuolumne,16384,coarse,Ready Send,1000
1024,4,MPIAdvance-CXI-Single-Buffering2,0.551865,0.175614,tuolumne,16384,coarse,Standard,1000
1024,4,Cray-MPICH-CXI-GPU-Enabled,0.413803,0.127287,tuolumne,16384,coarse,Standard,1000
256,1,MPIAdvance-CXI-Double-Buffering2,0.377341,0.513283,tuolumne,88320,coarse,Ready Send,1000
256,1,MPIAdvance-CXI-Single-Buffering2,0.308657,0.512261,tuolumne,88320,coarse,Standard,1000
256,1,Cray-MPICH-CXI-GPU-Enabled,0.281178,0.526707,tuolumne,88320,coarse,Standard,1000
256,1,MPIAdvance-CXI-Double-Buffering2,0.345033,0.278679,tuolumne,16384,coarse,Ready Send,1000
256,1,MPIAdvance-CXI-Single-Buffering2,0.343314,0.373374,tuolumne,16384,coarse,Standard,1000
256,1,Cray-MPICH-CXI-GPU-Enabled,0.252208,0.121922,tuolumne,16384,coarse,Standard,1000
256,2,MPIAdvance-CXI-Double-Buffering2,0.472392,0.279584,tuolumne,88320,coarse,Ready Send,1000
256,2,MPIAdvance-CXI-Single-Buffering2,0.511525,0.305958,tuolumne,88320,coarse,Standard,1000
256,2,Cray-MPICH-CXI-GPU-Enabled,0.357029,0.325721,tuolumne,88320,coarse,Standard,1000
256,2,MPIAdvance-CXI-Double-Buffering2,0.451467,0.240987,tuolumne,16384,coarse,Ready Send,1000
256,2,MPIAdvance-CXI-Single-Buffering2,0.399709,0.310249,tuolumne,16384,coarse,Standard,1000
256,2,Cray-MPICH-CXI-GPU-Enabled,0.326236,0.168205,tuolumne,16384,coarse,Standard,1000
256,4,MPIAdvance-CXI-Double-Buffering2,0.681273,0.177405,tuolumne,88320,coarse,Ready Send,1000
256,4,MPIAdvance-CXI-Single-Buffering2,0.60476,0.189589,tuolumne,88320,coarse,Standard,1000
256,4,Cray-MPICH-CXI-GPU-Enabled,0.440854,0.428602,tuolumne,88320,coarse,Standard,1000
256,4,MPIAdvance-CXI-Double-Buffering2,0.458101,0.144795,tuolumne,16384,coarse,Ready Send,1000
256,4,MPIAdvance-CXI-Single-Buffering2,0.361659,0.180452,tuolumne,16384,coarse,Standard,1000
256,4,Cray-MPICH-CXI-GPU-Enabled,0.385276,0.126632,tuolumne,16384,coarse,Standard,1000
512,1,MPIAdvance-CXI-Double-Buffering2,0.320117,0.319444,tuolumne,88320,coarse,Ready Send,1000
512,1,MPIAdvance-CXI-Single-Buffering2,0.361191,0.389819,tuolumne,88320,coarse,Standard,1000
512,1,Cray-MPICH-CXI-GPU-Enabled,0.310546,0.292471,tuolumne,88320,coarse,Standard,1000
512,1,MPIAdvance-CXI-Double-Buffering2,0.470494,0.29066,tuolumne,16384,coarse,Ready Send,1000
512,1,MPIAdvance-CXI-Single-Buffering2,0.413548,0.364449,tuolumne,16384,coarse,Standard,1000
512,1,Cray-MPICH-CXI-GPU-Enabled,0.340855,0.195316,tuolumne,16384,coarse,Standard,1000
512,2,MPIAdvance-CXI-Double-Buffering2,0.55787,0.222892,tuolumne,88320,coarse,Ready Send,1000
512,2,MPIAdvance-CXI-Single-Buffering2,0.58684,0.290836,tuolumne,88320,coarse,Standard,1000
512,2,Cray-MPICH-CXI-GPU-Enabled,0.369794,0.233594,tuolumne,88320,coarse,Standard,1000
512,2,MPIAdvance-CXI-Double-Buffering2,0.349224,0.23753,tuolumne,16384,coarse,Ready Send,1000
512,2,MPIAdvance-CXI-Single-Buffering2,0.412621,0.295622,tuolumne,16384,coarse,Standard,1000
512,2,Cray-MPICH-CXI-GPU-Enabled,0.352409,0.160141,tuolumne,16384,coarse,Standard,1000
512,4,MPIAdvance-CXI-Double-Buffering2,0.867692,0.144094,tuolumne,88320,coarse,Ready Send,1000
512,4,MPIAdvance-CXI-Single-Buffering2,0.750271,0.182024,tuolumne,88320,coarse,Standard,1000
512,4,Cray-MPICH-CXI-GPU-Enabled,0.476042,0.407332,tuolumne,88320,coarse,Standard,1000
512,4,MPIAdvance-CXI-Double-Buffering2,0.555886,0.141862,tuolumne,16384,coarse,Ready Send,1000
512,4,MPIAdvance-CXI-Single-Buffering2,0.533028,0.177348,tuolumne,16384,coarse,Standard,1000
512,4,Cray-MPICH-CXI-GPU-Enabled,0.487929,0.122349,tuolumne,16384,coarse,Standard,1000
1024,1,MPIAdvance-CXI-Double-Buffering2,0.235255,0.410785,tuolumne,88320,coarse,Ready Send,1000
1024,1,MPIAdvance-CXI-Single-Buffering2,0.323552,0.389428,tuolumne,88320,coarse,Standard,1000
1024,1,Cray-MPICH-CXI-GPU-Enabled,0.282132,0.26449,tuolumne,88320,coarse,Standard,1000
1024,1,MPIAdvance-CXI-Double-Buffering2,0.343777,0.296932,tuolumne,16384,coarse,Ready Send,1000
1024,1,MPIAdvance-CXI-Single-Buffering2,0.270911,0.382718,tuolumne,16384,coarse,Standard,1000
1024,1,Cray-MPICH-CXI-GPU-Enabled,0.245731,0.201612,tuolumne,16384,coarse,Standard,1000
1024,2,MPIAdvance-CXI-Double-Buffering2,0.528968,0.235855,tuolumne,88320,coarse,Ready Send,1000
1024,2,MPIAdvance-CXI-Single-Buffering2,0.472705,0.314054,tuolumne,88320,coarse,Standard,1000
1024,2,Cray-MPICH-CXI-GPU-Enabled,0.364422,0.200598,tuolumne,88320,coarse,Standard,1000
1024,2,MPIAdvance-CXI-Double-Buffering2,0.366446,0.229531,tuolumne,16384,coarse,Ready Send,1000
1024,2,MPIAdvance-CXI-Single-Buffering2,0.293748,0.307077,tuolumne,16384,coarse,Standard,1000
1024,2,Cray-MPICH-CXI-GPU-Enabled,0.254032,0.17173,tuolumne,16384,coarse,Standard,1000
1024,4,MPIAdvance-CXI-Double-Buffering2,0.515214,0.141926,tuolumne,88320,coarse,Ready Send,1000
1024,4,MPIAdvance-CXI-Single-Buffering2,0.735016,0.177535,tuolumne,88320,coarse,Standard,1000
1024,4,Cray-MPICH-CXI-GPU-Enabled,0.446488,0.378332,tuolumne,88320,coarse,Standard,1000
1024,4,MPIAdvance-CXI-Double-Buffering2,0.481788,0.139953,tuolumne,16384,coarse,Ready Send,1000
1024,4,MPIAdvance-CXI-Single-Buffering2,0.437284,0.175927,tuolumne,16384,coarse,Standard,1000
1024,4,Cray-MPICH-CXI-GPU-Enabled,0.413376,0.123134,tuolumne,16384,coarse,Standard,1000
2,1,MPIAdvance-CXI-Double-Buffering2,2.46778,44.9018,tuolumne,88320,coarse,Ready Send,1000
2,1,MPIAdvance-CXI-Single-Buffering2,2.39844,44.9157,tuolumne,88320,coarse,Standard,1000
2,1,Cray-MPICH-CXI-GPU-Enabled,2.53373,44.9873,tuolumne,88320,coarse,Standard,1000
2,1,MPIAdvance-CXI-Double-Buffering2,0.156985,1.54652,tuolumne,16384,coarse,Ready Send,1000
2,1,MPIAdvance-CXI-Single-Buffering2,0.161177,1.54902,tuolumne,16384,coarse,Standard,1000
2,1,Cray-MPICH-CXI-GPU-Enabled,0.139853,1.56055,tuolumne,16384,coarse,Standard,1000
2,2,MPIAdvance-CXI-Double-Buffering2,1.23478,22.7446,tuolumne,88320,coarse,Ready Send,1000
2,2,MPIAdvance-CXI-Single-Buffering2,1.25108,22.7601,tuolumne,88320,coarse,Standard,1000
2,2,Cray-MPICH-CXI-GPU-Enabled,1.21791,22.7894,tuolumne,88320,coarse,Standard,1000
2,2,MPIAdvance-CXI-Double-Buffering2,0.127806,0.824575,tuolumne,16384,coarse,Ready Send,1000
2,2,MPIAdvance-CXI-Single-Buffering2,0.19642,0.835387,tuolumne,16384,coarse,Standard,1000
2,2,Cray-MPICH-CXI-GPU-Enabled,0.152939,0.852647,tuolumne,16384,coarse,Standard,1000
2,4,MPIAdvance-CXI-Double-Buffering2,0.965932,11.044,tuolumne,88320,coarse,Ready Send,1000
2,4,MPIAdvance-CXI-Single-Buffering2,0.699035,10.991,tuolumne,88320,coarse,Standard,1000
2,4,Cray-MPICH-CXI-GPU-Enabled,0.744939,11.1854,tuolumne,88320,coarse,Standard,1000
2,4,MPIAdvance-CXI-Double-Buffering2,0.23627,0.489793,tuolumne,16384,coarse,Ready Send,1000
2,4,MPIAdvance-CXI-Single-Buffering2,0.23817,0.502985,tuolumne,16384,coarse,Standard,1000
2,4,Cray-MPICH-CXI-GPU-Enabled,0.166934,0.592494,tuolumne,16384,coarse,Standard,1000
4,1,MPIAdvance-CXI-Double-Buffering2,1.28553,22.6059,tuolumne,88320,coarse,Ready Send,1000
4,1,MPIAdvance-CXI-Single-Buffering2,1.30543,22.6253,tuolumne,88320,coarse,Standard,1000
4,1,Cray-MPICH-CXI-GPU-Enabled,1.21001,22.6561,tuolumne,88320,coarse,Standard,1000
4,1,MPIAdvance-CXI-Double-Buffering2,0.17695,0.841292,tuolumne,16384,coarse,Ready Send,1000
4,1,MPIAdvance-CXI-Single-Buffering2,0.21657,0.855431,tuolumne,16384,coarse,Standard,1000
4,1,Cray-MPICH-CXI-GPU-Enabled,0.171889,0.852498,tuolumne,16384,coarse,Standard,1000
4,2,MPIAdvance-CXI-Double-Buffering2,0.811073,11.2018,tuolumne,88320,coarse,Ready Send,1000
4,2,MPIAdvance-CXI-Single-Buffering2,0.70365,11.1589,tuolumne,88320,coarse,Standard,1000
4,2,Cray-MPICH-CXI-GPU-Enabled,0.684542,11.1836,tuolumne,88320,coarse,Standard,1000
4,2,MPIAdvance-CXI-Double-Buffering2,0.197516,0.501657,tuolumne,16384,coarse,Ready Send,1000
4,2,MPIAdvance-CXI-Single-Buffering2,0.191556,0.51338,tuolumne,16384,coarse,Standard,1000
4,2,Cray-MPICH-CXI-GPU-Enabled,0.117796,0.526376,tuolumne,16384,coarse,Standard,1000
4,4,MPIAdvance-CXI-Double-Buffering2,0.730968,5.6657,tuolumne,88320,coarse,Ready Send,1000
4,4,MPIAdvance-CXI-Single-Buffering2,0.582563,5.62866,tuolumne,88320,coarse,Standard,1000
4,4,Cray-MPICH-CXI-GPU-Enabled,0.509594,5.84697,tuolumne,88320,coarse,Standard,1000
4,4,MPIAdvance-CXI-Double-Buffering2,0.290907,0.298817,tuolumne,16384,coarse,Ready Send,1000
4,4,MPIAdvance-CXI-Single-Buffering2,0.338251,0.317429,tuolumne,16384,coarse,Standard,1000
4,4,Cray-MPICH-CXI-GPU-Enabled,0.228448,0.398295,tuolumne,16384,coarse,Standard,1000
8,1,MPIAdvance-CXI-Double-Buffering2,0.752907,10.9974,tuolumne,88320,coarse,Ready Send,1000
8,1,MPIAdvance-CXI-Single-Buffering2,0.819797,10.9566,tuolumne,88320,coarse,Standard,1000
8,1,Cray-MPICH-CXI-GPU-Enabled,0.773425,10.9941,tuolumne,88320,coarse,Standard,1000
8,1,MPIAdvance-CXI-Double-Buffering2,0.152619,0.50329,tuolumne,16384,coarse,Ready Send,1000
8,1,MPIAdvance-CXI-Single-Buffering2,0.288242,0.513234,tuolumne,16384,coarse,Standard,1000
8,1,Cray-MPICH-CXI-GPU-Enabled,0.0985,0.519657,tuolumne,16384,coarse,Standard,1000
8,2,MPIAdvance-CXI-Double-Buffering2,0.573197,5.53145,tuolumne,88320,coarse,Ready Send,1000
8,2,MPIAdvance-CXI-Single-Buffering2,0.498552,5.51936,tuolumne,88320,coarse,Standard,1000
8,2,Cray-MPICH-CXI-GPU-Enabled,0.441035,5.5575,tuolumne,88320,coarse,Standard,1000
8,2,MPIAdvance-CXI-Double-Buffering2,0.228337,0.296382,tuolumne,16384,coarse,Ready Send,1000
8,2,MPIAdvance-CXI-Single-Buffering2,0.176139,0.306597,tuolumne,16384,coarse,Standard,1000
8,2,Cray-MPICH-CXI-GPU-Enabled,0.22514,0.315383,tuolumne,16384,coarse,Standard,1000
8,4,MPIAdvance-CXI-Double-Buffering2,0.521923,2.78073,tuolumne,88320,coarse,Ready Send,1000
8,4,MPIAdvance-CXI-Single-Buffering2,0.446856,2.79312,tuolumne,88320,coarse,Standard,1000
8,4,Cray-MPICH-CXI-GPU-Enabled,0.36813,2.97952,tuolumne,88320,coarse,Standard,1000
8,4,MPIAdvance-CXI-Double-Buffering2,0.31558,0.186483,tuolumne,16384,coarse,Ready Send,1000
8,4,MPIAdvance-CXI-Single-Buffering2,0.28587,0.195105,tuolumne,16384,coarse,Standard,1000
8,4,Cray-MPICH-CXI-GPU-Enabled,0.190214,0.288536,tuolumne,16384,coarse,Standard,1000
16,1,MPIAdvance-CXI-Double-Buffering2,0.440782,5.54588,tuolumne,88320,coarse,Ready Send,1000
16,1,MPIAdvance-CXI-Single-Buffering2,0.582238,5.52953,tuolumne,88320,coarse,Standard,1000
16,1,Cray-MPICH-CXI-GPU-Enabled,0.454966,5.58731,tuolumne,88320,coarse,Standard,1000
16,1,MPIAdvance-CXI-Double-Buffering2,0.286334,0.298762,tuolumne,16384,coarse,Ready Send,1000
16,1,MPIAdvance-CXI-Single-Buffering2,0.257363,0.3119,tuolumne,16384,coarse,Standard,1000
16,1,Cray-MPICH-CXI-GPU-Enabled,0.2116,0.313554,tuolumne,16384,coarse,Standard,1000
16,2,MPIAdvance-CXI-Double-Buffering2,0.595329,2.77917,tuolumne,88320,coarse,Ready Send,1000
16,2,MPIAdvance-CXI-Single-Buffering2,0.56674,2.79651,tuolumne,88320,coarse,Standard,1000
16,2,Cray-MPICH-CXI-GPU-Enabled,0.409723,2.81693,tuolumne,88320,coarse,Standard,1000
16,2,MPIAdvance-CXI-Double-Buffering2,0.41277,0.186099,tuolumne,16384,coarse,Ready Send,1000
16,2,MPIAdvance-CXI-Single-Buffering2,0.426254,0.195027,tuolumne,16384,coarse,Standard,1000
16,2,Cray-MPICH-CXI-GPU-Enabled,0.374625,0.209194,tuolumne,16384,coarse,Standard,1000
16,4,MPIAdvance-CXI-Double-Buffering2,0.691761,1.44857,tuolumne,88320,coarse,Ready Send,1000
16,4,MPIAdvance-CXI-Single-Buffering2,0.623592,1.45709,tuolumne,88320,coarse,Standard,1000
16,4,Cray-MPICH-CXI-GPU-Enabled,0.477217,1.67087,tuolumne,88320,coarse,Standard,1000
16,4,MPIAdvance-CXI-Double-Buffering2,0.538468,0.142091,tuolumne,16384,coarse,Ready Send,1000
16,4,MPIAdvance-CXI-Single-Buffering2,0.526179,0.176257,tuolumne,16384,coarse,Standard,1000
16,4,Cray-MPICH-CXI-GPU-Enabled,0.391284,0.301009,tuolumne,16384,coarse,Standard,1000
32,1,MPIAdvance-CXI-Double-Buffering2,0.333591,2.77691,tuolumne,88320,coarse,Ready Send,1000
32,1,MPIAdvance-CXI-Single-Buffering2,0.328849,2.78769,tuolumne,88320,coarse,Standard,1000
32,1,Cray-MPICH-CXI-GPU-Enabled,0.322889,2.79636,tuolumne,88320,coarse,Standard,1000
32,1,MPIAdvance-CXI-Double-Buffering2,0.282636,0.186742,tuolumne,16384,coarse,Ready Send,1000
32,1,MPIAdvance-CXI-Single-Buffering2,0.161927,0.195281,tuolumne,16384,coarse,Standard,1000
32,1,Cray-MPICH-CXI-GPU-Enabled,0.114169,0.200449,tuolumne,16384,coarse,Standard,1000
32,2,MPIAdvance-CXI-Double-Buffering2,0.596996,1.44144,tuolumne,88320,coarse,Ready Send,1000
32,2,MPIAdvance-CXI-Single-Buffering2,0.528405,1.45004,tuolumne,88320,coarse,Standard,1000
32,2,Cray-MPICH-CXI-GPU-Enabled,0.430712,1.45826,tuolumne,88320,coarse,Standard,1000
32,2,MPIAdvance-CXI-Double-Buffering2,0.451511,0.142341,tuolumne,16384,coarse,Ready Send,1000
32,2,MPIAdvance-CXI-Single-Buffering2,0.364384,0.255438,tuolumne,16384,coarse,Standard,1000
32,2,Cray-MPICH-CXI-GPU-Enabled,0.376956,0.159953,tuolumne,16384,coarse,Standard,1000
32,4,MPIAdvance-CXI-Double-Buffering2,0.561185,0.860622,tuolumne,88320,coarse,Ready Send,1000
32,4,MPIAdvance-CXI-Single-Buffering2,0.598311,0.823064,tuolumne,88320,coarse,Standard,1000
32,4,Cray-MPICH-CXI-GPU-Enabled,0.399034,1.02512,tuolumne,88320,coarse,Standard,1000
32,4,MPIAdvance-CXI-Double-Buffering2,0.493872,0.140701,tuolumne,16384,coarse,Ready Send,1000
32,4,MPIAdvance-CXI-Single-Buffering2,0.540262,0.171599,tuolumne,16384,coarse,Standard,1000
32,4,Cray-MPICH-CXI-GPU-Enabled,0.310115,0.27858,tuolumne,16384,coarse,Standard,1000
64,1,MPIAdvance-CXI-Double-Buffering2,0.22743,1.44365,tuolumne,88320,coarse,Ready Send,1000
64,1,MPIAdvance-CXI-Single-Buffering2,0.288084,1.4548,tuolumne,88320,coarse,Standard,1000
64,1,Cray-MPICH-CXI-GPU-Enabled,0.292615,1.45577,tuolumne,88320,coarse,Standard,1000
64,1,MPIAdvance-CXI-Double-Buffering2,0.315979,0.145299,tuolumne,16384,coarse,Ready Send,1000
64,1,MPIAdvance-CXI-Single-Buffering2,0.158451,0.346162,tuolumne,16384,coarse,Standard,1000
64,1,Cray-MPICH-CXI-GPU-Enabled,0.256286,0.149532,tuolumne,16384,coarse,Standard,1000
64,2,MPIAdvance-CXI-Double-Buffering2,0.413063,0.844439,tuolumne,88320,coarse,Ready Send,1000
64,2,MPIAdvance-CXI-Single-Buffering2,0.444928,0.824854,tuolumne,88320,coarse,Standard,1000
64,2,Cray-MPICH-CXI-GPU-Enabled,0.347848,0.823634,tuolumne,88320,coarse,Standard,1000
64,2,MPIAdvance-CXI-Double-Buffering2,0.394599,0.229509,tuolumne,16384,coarse,Ready Send,1000
64,2,MPIAdvance-CXI-Single-Buffering2,0.408427,0.281353,tuolumne,16384,coarse,Standard,1000
64,2,Cray-MPICH-CXI-GPU-Enabled,0.255092,0.13823,tuolumne,16384,coarse,Standard,1000
64,4,MPIAdvance-CXI-Double-Buffering2,0.726694,0.501233,tuolumne,88320,coarse,Ready Send,1000
64,4,MPIAdvance-CXI-Single-Buffering2,0.612488,0.51568,tuolumne,88320,coarse,Standard,1000
64,4,Cray-MPICH-CXI-GPU-Enabled,0.452662,0.739059,tuolumne,88320,coarse,Standard,1000
64,4,MPIAdvance-CXI-Double-Buffering2,0.555441,0.139998,tuolumne,16384,coarse,Ready Send,1000
64,4,MPIAdvance-CXI-Single-Buffering2,0.602548,0.175457,tuolumne,16384,coarse,Standard,1000
64,4,Cray-MPICH-CXI-GPU-Enabled,0.423247,0.272324,tuolumne,16384,coarse,Standard,1000
128,1,MPIAdvance-CXI-Double-Buffering2,0.318679,0.830093,tuolumne,88320,coarse,Ready Send,1000
128,1,MPIAdvance-CXI-Single-Buffering2,0.311946,0.820833,tuolumne,88320,coarse,Standard,1000
128,1,Cray-MPICH-CXI-GPU-Enabled,0.290855,0.835848,tuolumne,88320,coarse,Standard,1000
128,1,MPIAdvance-CXI-Double-Buffering2,0.354242,0.141635,tuolumne,16384,coarse,Ready Send,1000
128,1,MPIAdvance-CXI-Single-Buffering2,0.26224,0.355553,tuolumne,16384,coarse,Standard,1000
128,1,Cray-MPICH-CXI-GPU-Enabled,0.23801,0.182229,tuolumne,16384,coarse,Standard,1000
128,2,MPIAdvance-CXI-Double-Buffering2,0.469334,0.499107,tuolumne,88320,coarse,Ready Send,1000
128,2,MPIAdvance-CXI-Single-Buffering2,0.458154,0.51023,tuolumne,88320,coarse,Standard,1000
128,2,Cray-MPICH-CXI-GPU-Enabled,0.306487,0.533168,tuolumne,88320,coarse,Standard,1000
128,2,MPIAdvance-CXI-Double-Buffering2,0.448736,0.2336,tuolumne,16384,coarse,Ready Send,1000
128,2,MPIAdvance-CXI-Single-Buffering2,0.410576,0.176897,tuolumne,16384,coarse,Standard,1000
128,2,Cray-MPICH-CXI-GPU-Enabled,0.255556,0.135088,tuolumne,16384,coarse,Standard,1000
128,4,MPIAdvance-CXI-Double-Buffering2,0.668216,0.280084,tuolumne,88320,coarse,Ready Send,1000
128,4,MPIAdvance-CXI-Single-Buffering2,0.561036,0.291544,tuolumne,88320,coarse,Standard,1000
128,4,Cray-MPICH-CXI-GPU-Enabled,0.400493,0.512174,tuolumne,88320,coarse,Standard,1000
128,4,MPIAdvance-CXI-Double-Buffering2,0.560315,0.143923,tuolumne,16384,coarse,Ready Send,1000
128,4,MPIAdvance-CXI-Single-Buffering2,0.546194,0.179344,tuolumne,16384,coarse,Standard,1000
128,4,Cray-MPICH-CXI-GPU-Enabled,0.431486,0.272222,tuolumne,16384,coarse,Standard,1000
2,1,MPIAdvance-CXI-Double-Buffering2,2.68253,44.5087,tuolumne,88320,coarse,Ready Send,1000
2,1,MPIAdvance-CXI-Single-Buffering2,2.52603,44.7989,tuolumne,88320,coarse,Standard,1000
2,1,Cray-MPICH-CXI-GPU-Enabled,2.52646,44.7119,tuolumne,88320,coarse,Standard,1000
2,1,MPIAdvance-CXI-Double-Buffering2,0.178213,1.54214,tuolumne,16384,coarse,Ready Send,1000
2,1,MPIAdvance-CXI-Single-Buffering2,0.156673,1.54308,tuolumne,16384,coarse,Standard,1000
2,1,Cray-MPICH-CXI-GPU-Enabled,0.141708,1.5455,tuolumne,16384,coarse,Standard,1000
2,2,MPIAdvance-CXI-Double-Buffering2,1.38081,23.2955,tuolumne,88320,coarse,Ready Send,1000
2,2,MPIAdvance-CXI-Single-Buffering2,1.23475,23.277,tuolumne,88320,coarse,Standard,1000
2,2,Cray-MPICH-CXI-GPU-Enabled,1.19523,23.3022,tuolumne,88320,coarse,Standard,1000
2,2,MPIAdvance-CXI-Double-Buffering2,0.141494,0.847495,tuolumne,16384,coarse,Ready Send,1000
2,2,MPIAdvance-CXI-Single-Buffering2,0.228799,0.857867,tuolumne,16384,coarse,Standard,1000
2,2,Cray-MPICH-CXI-GPU-Enabled,0.114531,0.876434,tuolumne,16384,coarse,Standard,1000
2,4,MPIAdvance-CXI-Double-Buffering2,0.936466,11.1829,tuolumne,88320,coarse,Ready Send,1000
2,4,MPIAdvance-CXI-Single-Buffering2,0.818315,11.149,tuolumne,88320,coarse,Standard,1000
2,4,Cray-MPICH-CXI-GPU-Enabled,0.72559,11.313,tuolumne,88320,coarse,Standard,1000
2,4,MPIAdvance-CXI-Double-Buffering2,0.19823,0.503299,tuolumne,16384,coarse,Ready Send,1000
2,4,MPIAdvance-CXI-Single-Buffering2,0.275367,0.517928,tuolumne,16384,coarse,Standard,1000
2,4,Cray-MPICH-CXI-GPU-Enabled,0.185834,0.60876,tuolumne,16384,coarse,Standard,1000
4,1,MPIAdvance-CXI-Double-Buffering2,1.33576,22.5181,tuolumne,88320,coarse,Ready Send,1000
4,1,MPIAdvance-CXI-Single-Buffering2,1.23319,22.6086,tuolumne,88320,coarse,Standard,1000
4,1,Cray-MPICH-CXI-GPU-Enabled,1.18747,22.6324,tuolumne,88320,coarse,Standard,1000
4,1,MPIAdvance-CXI-Double-Buffering2,0.126338,0.837016,tuolumne,16384,coarse,Ready Send,1000
4,1,MPIAdvance-CXI-Single-Buffering2,0.119234,0.845708,tuolumne,16384,coarse,Standard,1000
4,1,Cray-MPICH-CXI-GPU-Enabled,0.126477,0.846949,tuolumne,16384,coarse,Standard,1000
4,2,MPIAdvance-CXI-Double-Buffering2,0.761633,11.1302,tuolumne,88320,coarse,Ready Send,1000
4,2,MPIAdvance-CXI-Single-Buffering2,0.726435,11.0884,tuolumne,88320,coarse,Standard,1000
4,2,Cray-MPICH-CXI-GPU-Enabled,0.610221,11.1011,tuolumne,88320,coarse,Standard,1000
4,2,MPIAdvance-CXI-Double-Buffering2,0.112557,0.497935,tuolumne,16384,coarse,Ready Send,1000
4,2,MPIAdvance-CXI-Single-Buffering2,0.169092,0.51217,tuolumne,16384,coarse,Standard,1000
4,2,Cray-MPICH-CXI-GPU-Enabled,0.0852241,0.524578,tuolumne,16384,coarse,Standard,1000
4,4,MPIAdvance-CXI-Double-Buffering2,0.602146,5.66326,tuolumne,88320,coarse,Ready Send,1000
4,4,MPIAdvance-CXI-Single-Buffering2,0.457462,5.64941,tuolumne,88320,coarse,Standard,1000
4,4,Cray-MPICH-CXI-GPU-Enabled,0.43776,5.80853,tuolumne,88320,coarse,Standard,1000
4,4,MPIAdvance-CXI-Double-Buffering2,0.23861,0.299603,tuolumne,16384,coarse,Ready Send,1000
4,4,MPIAdvance-CXI-Single-Buffering2,0.173414,0.313391,tuolumne,16384,coarse,Standard,1000
4,4,Cray-MPICH-CXI-GPU-Enabled,0.175823,0.401506,tuolumne,16384,coarse,Standard,1000
8,1,MPIAdvance-CXI-Double-Buffering2,0.81493,11.0231,tuolumne,88320,coarse,Ready Send,1000
8,1,MPIAdvance-CXI-Single-Buffering2,0.68782,11.0096,tuolumne,88320,coarse,Standard,1000
8,1,Cray-MPICH-CXI-GPU-Enabled,0.791974,11.0014,tuolumne,88320,coarse,Standard,1000
8,1,MPIAdvance-CXI-Double-Buffering2,0.124122,0.503337,tuolumne,16384,coarse,Ready Send,1000
8,1,MPIAdvance-CXI-Single-Buffering2,0.262985,0.516399,tuolumne,16384,coarse,Standard,1000
8,1,Cray-MPICH-CXI-GPU-Enabled,0.10057,0.51632,tuolumne,16384,coarse,Standard,1000
8,2,MPIAdvance-CXI-Double-Buffering2,0.654977,5.52417,tuolumne,88320,coarse,Ready Send,1000
8,2,MPIAdvance-CXI-Single-Buffering2,0.548702,5.53489,tuolumne,88320,coarse,Standard,1000
8,2,Cray-MPICH-CXI-GPU-Enabled,0.465413,5.55566,tuolumne,88320,coarse,Standard,1000
8,2,MPIAdvance-CXI-Double-Buffering2,0.279359,0.300075,tuolumne,16384,coarse,Ready Send,1000
8,2,MPIAdvance-CXI-Single-Buffering2,0.193958,0.304863,tuolumne,16384,coarse,Standard,1000
8,2,Cray-MPICH-CXI-GPU-Enabled,0.249302,0.317604,tuolumne,16384,coarse,Standard,1000
8,4,MPIAdvance-CXI-Double-Buffering2,0.469697,2.77989,tuolumne,88320,coarse,Ready Send,1000
8,4,MPIAdvance-CXI-Single-Buffering2,0.374621,2.79165,tuolumne,88320,coarse,Standard,1000
8,4,Cray-MPICH-CXI-GPU-Enabled,0.344102,2.95131,tuolumne,88320,coarse,Standard,1000
8,4,MPIAdvance-CXI-Double-Buffering2,0.274534,0.186233,tuolumne,16384,coarse,Ready Send,1000
8,4,MPIAdvance-CXI-Single-Buffering2,0.346562,0.195373,tuolumne,16384,coarse,Standard,1000
8,4,Cray-MPICH-CXI-GPU-Enabled,0.187978,0.285232,tuolumne,16384,coarse,Standard,1000
16,1,MPIAdvance-CXI-Double-Buffering2,0.698095,5.51362,tuolumne,88320,coarse,Ready Send,1000
16,1,MPIAdvance-CXI-Single-Buffering2,0.577767,5.51184,tuolumne,88320,coarse,Standard,1000
16,1,Cray-MPICH-CXI-GPU-Enabled,0.458206,5.5118,tuolumne,88320,coarse,Standard,1000
16,1,MPIAdvance-CXI-Double-Buffering2,0.261076,0.297634,tuolumne,16384,coarse,Ready Send,1000
16,1,MPIAdvance-CXI-Single-Buffering2,0.250289,0.30687,tuolumne,16384,coarse,Standard,1000
16,1,Cray-MPICH-CXI-GPU-Enabled,0.208722,0.305949,tuolumne,16384,coarse,Standard,1000
16,2,MPIAdvance-CXI-Double-Buffering2,0.713126,2.78932,tuolumne,88320,coarse,Ready Send,1000
16,2,MPIAdvance-CXI-Single-Buffering2,0.497002,2.79622,tuolumne,88320,coarse,Standard,1000
16,2,Cray-MPICH-CXI-GPU-Enabled,0.46474,2.86598,tuolumne,88320,coarse,Standard,1000
16,2,MPIAdvance-CXI-Double-Buffering2,0.352409,0.186061,tuolumne,16384,coarse,Ready Send,1000
16,2,MPIAdvance-CXI-Single-Buffering2,0.427166,0.27739,tuolumne,16384,coarse,Standard,1000
16,2,Cray-MPICH-CXI-GPU-Enabled,0.252903,0.207477,tuolumne,16384,coarse,Standard,1000
16,4,MPIAdvance-CXI-Double-Buffering2,0.715902,1.45473,tuolumne,88320,coarse,Ready Send,1000
16,4,MPIAdvance-CXI-Single-Buffering2,0.489439,1.45868,tuolumne,88320,coarse,Standard,1000
16,4,Cray-MPICH-CXI-GPU-Enabled,0.453513,1.66503,tuolumne,88320,coarse,Standard,1000
16,4,MPIAdvance-CXI-Double-Buffering2,0.470487,0.142476,tuolumne,16384,coarse,Ready Send,1000
16,4,MPIAdvance-CXI-Single-Buffering2,0.503526,0.175152,tuolumne,16384,coarse,Standard,1000
16,4,Cray-MPICH-CXI-GPU-Enabled,0.360743,0.297368,tuolumne,16384,coarse,Standard,1000
32,1,MPIAdvance-CXI-Double-Buffering2,0.500405,2.7903,tuolumne,88320,coarse,Ready Send,1000
32,1,MPIAdvance-CXI-Single-Buffering2,0.406284,2.78597,tuolumne,88320,coarse,Standard,1000
32,1,Cray-MPICH-CXI-GPU-Enabled,0.315547,2.80319,tuolumne,88320,coarse,Standard,1000
32,1,MPIAdvance-CXI-Double-Buffering2,0.300834,0.186783,tuolumne,16384,coarse,Ready Send,1000
32,1,MPIAdvance-CXI-Single-Buffering2,0.172775,0.368153,tuolumne,16384,coarse,Standard,1000
32,1,Cray-MPICH-CXI-GPU-Enabled,0.198248,0.197133,tuolumne,16384,coarse,Standard,1000
32,2,MPIAdvance-CXI-Double-Buffering2,0.571005,1.44103,tuolumne,88320,coarse,Ready Send,1000
32,2,MPIAdvance-CXI-Single-Buffering2,0.424573,1.44966,tuolumne,88320,coarse,Standard,1000
32,2,Cray-MPICH-CXI-GPU-Enabled,0.341619,1.45656,tuolumne,88320,coarse,Standard,1000
32,2,MPIAdvance-CXI-Double-Buffering2,0.403497,0.140322,tuolumne,16384,coarse,Ready Send,1000
32,2,MPIAdvance-CXI-Single-Buffering2,0.362821,0.315119,tuolumne,16384,coarse,Standard,1000
32,2,Cray-MPICH-CXI-GPU-Enabled,0.265058,0.160489,tuolumne,16384,coarse,Standard,1000
32,4,MPIAdvance-CXI-Double-Buffering2,0.602103,0.832372,tuolumne,88320,coarse,Ready Send,1000
32,4,MPIAdvance-CXI-Single-Buffering2,0.494676,0.823854,tuolumne,88320,coarse,Standard,1000
32,4,Cray-MPICH-CXI-GPU-Enabled,0.393893,1.01567,tuolumne,88320,coarse,Standard,1000
32,4,MPIAdvance-CXI-Double-Buffering2,0.524778,0.138779,tuolumne,16384,coarse,Ready Send,1000
32,4,MPIAdvance-CXI-Single-Buffering2,0.480619,0.173879,tuolumne,16384,coarse,Standard,1000
32,4,Cray-MPICH-CXI-GPU-Enabled,0.345367,0.274204,tuolumne,16384,coarse,Standard,1000
64,1,MPIAdvance-CXI-Double-Buffering2,0.546957,1.44169,tuolumne,88320,coarse,Ready Send,1000
64,1,MPIAdvance-CXI-Single-Buffering2,0.308156,1.45119,tuolumne,88320,coarse,Standard,1000
64,1,Cray-MPICH-CXI-GPU-Enabled,0.356415,1.45793,tuolumne,88320,coarse,Standard,1000
64,1,MPIAdvance-CXI-Double-Buffering2,0.300103,0.142317,tuolumne,16384,coarse,Ready Send,1000
64,1,MPIAdvance-CXI-Single-Buffering2,0.149953,0.355026,tuolumne,16384,coarse,Standard,1000
64,1,Cray-MPICH-CXI-GPU-Enabled,0.281788,0.155819,tuolumne,16384,coarse,Standard,1000
64,2,MPIAdvance-CXI-Double-Buffering2,0.554297,0.839167,tuolumne,88320,coarse,Ready Send,1000
64,2,MPIAdvance-CXI-Single-Buffering2,0.426788,0.814932,tuolumne,88320,coarse,Standard,1000
64,2,Cray-MPICH-CXI-GPU-Enabled,0.295718,0.825707,tuolumne,88320,coarse,Standard,1000
64,2,MPIAdvance-CXI-Double-Buffering2,0.312671,0.139544,tuolumne,16384,coarse,Ready Send,1000
64,2,MPIAdvance-CXI-Single-Buffering2,0.394856,0.279717,tuolumne,16384,coarse,Standard,1000
64,2,Cray-MPICH-CXI-GPU-Enabled,0.217823,0.143592,tuolumne,16384,coarse,Standard,1000
64,4,MPIAdvance-CXI-Double-Buffering2,0.665867,0.500556,tuolumne,88320,coarse,Ready Send,1000
64,4,MPIAdvance-CXI-Single-Buffering2,0.567598,0.516632,tuolumne,88320,coarse,Standard,1000
64,4,Cray-MPICH-CXI-GPU-Enabled,0.401756,0.744469,tuolumne,88320,coarse,Standard,1000
64,4,MPIAdvance-CXI-Double-Buffering2,0.546289,0.14011,tuolumne,16384,coarse,Ready Send,1000
64,4,MPIAdvance-CXI-Single-Buffering2,0.532141,0.175781,tuolumne,16384,coarse,Standard,1000
64,4,Cray-MPICH-CXI-GPU-Enabled,0.38613,0.269939,tuolumne,16384,coarse,Standard,1000
128,1,MPIAdvance-CXI-Double-Buffering2,0.467578,0.842392,tuolumne,88320,coarse,Ready Send,1000
128,1,MPIAdvance-CXI-Single-Buffering2,0.32033,0.819975,tuolumne,88320,coarse,Standard,1000
128,1,Cray-MPICH-CXI-GPU-Enabled,0.278033,0.871071,tuolumne,88320,coarse,Standard,1000
128,1,MPIAdvance-CXI-Double-Buffering2,0.149233,0.272089,tuolumne,16384,coarse,Ready Send,1000
128,1,MPIAdvance-CXI-Single-Buffering2,0.164623,0.18764,tuolumne,16384,coarse,Standard,1000
128,1,Cray-MPICH-CXI-GPU-Enabled,0.286762,0.26812,tuolumne,16384,coarse,Standard,1000
128,2,MPIAdvance-CXI-Double-Buffering2,0.580318,0.497345,tuolumne,88320,coarse,Ready Send,1000
128,2,MPIAdvance-CXI-Single-Buffering2,0.422505,0.513734,tuolumne,88320,coarse,Standard,1000
128,2,Cray-MPICH-CXI-GPU-Enabled,0.38685,0.534433,tuolumne,88320,coarse,Standard,1000
128,2,MPIAdvance-CXI-Double-Buffering2,0.424722,0.138569,tuolumne,16384,coarse,Ready Send,1000
128,2,MPIAdvance-CXI-Single-Buffering2,0.386359,0.277426,tuolumne,16384,coarse,Standard,1000
128,2,Cray-MPICH-CXI-GPU-Enabled,0.316168,0.165686,tuolumne,16384,coarse,Standard,1000
128,4,MPIAdvance-CXI-Double-Buffering2,0.61938,0.279453,tuolumne,88320,coarse,Ready Send,1000
128,4,MPIAdvance-CXI-Single-Buffering2,0.518145,0.289386,tuolumne,88320,coarse,Standard,1000
128,4,Cray-MPICH-CXI-GPU-Enabled,0.351683,0.509345,tuolumne,88320,coarse,Standard,1000
128,4,MPIAdvance-CXI-Double-Buffering2,0.521618,0.143225,tuolumne,16384,coarse,Ready Send,1000
128,4,MPIAdvance-CXI-Single-Buffering2,0.511929,0.179109,tuolumne,16384,coarse,Standard,1000
128,4,Cray-MPICH-CXI-GPU-Enabled,0.36795,0.267912,tuolumne,16384,coarse,Standard,1000
2,1,MPIAdvance-CXI-Double-Buffering2,2.40934,44.9679,tuolumne,88320,coarse,Ready Send,1000
2,1,MPIAdvance-CXI-Single-Buffering2,2.37947,44.9321,tuolumne,88320,coarse,Standard,1000
2,1,Cray-MPICH-CXI-GPU-Enabled,2.53022,45.0001,tuolumne,88320,coarse,Standard,1000
2,1,MPIAdvance-CXI-Double-Buffering2,0.161684,1.54743,tuolumne,16384,coarse,Ready Send,1000
2,1,MPIAdvance-CXI-Single-Buffering2,0.207945,1.55031,tuolumne,16384,coarse,Standard,1000
2,1,Cray-MPICH-CXI-GPU-Enabled,0.132267,1.56032,tuolumne,16384,coarse,Standard,1000
2,2,MPIAdvance-CXI-Double-Buffering2,1.35167,22.7546,tuolumne,88320,coarse,Ready Send,1000
2,2,MPIAdvance-CXI-Single-Buffering2,1.38662,22.7421,tuolumne,88320,coarse,Standard,1000
2,2,Cray-MPICH-CXI-GPU-Enabled,1.20718,22.7731,tuolumne,88320,coarse,Standard,1000
2,2,MPIAdvance-CXI-Double-Buffering2,0.237931,0.824323,tuolumne,16384,coarse,Ready Send,1000
2,2,MPIAdvance-CXI-Single-Buffering2,0.215493,0.833839,tuolumne,16384,coarse,Standard,1000
2,2,Cray-MPICH-CXI-GPU-Enabled,0.173093,0.853934,tuolumne,16384,coarse,Standard,1000
2,4,MPIAdvance-CXI-Double-Buffering2,1.00383,11.0323,tuolumne,88320,coarse,Ready Send,1000
2,4,MPIAdvance-CXI-Single-Buffering2,0.876289,11.0019,tuolumne,88320,coarse,Standard,1000
2,4,Cray-MPICH-CXI-GPU-Enabled,0.725477,11.174,tuolumne,88320,coarse,Standard,1000
2,4,MPIAdvance-CXI-Double-Buffering2,0.282379,0.489215,tuolumne,16384,coarse,Ready Send,1000
2,4,MPIAdvance-CXI-Single-Buffering2,0.34075,0.500966,tuolumne,16384,coarse,Standard,1000
2,4,Cray-MPICH-CXI-GPU-Enabled,0.228758,0.590447,tuolumne,16384,coarse,Standard,1000
4,1,MPIAdvance-CXI-Double-Buffering2,1.27741,22.4715,tuolumne,88320,coarse,Ready Send,1000
4,1,MPIAdvance-CXI-Single-Buffering2,1.29418,22.4877,tuolumne,88320,coarse,Standard,1000
4,1,Cray-MPICH-CXI-GPU-Enabled,1.30217,22.5619,tuolumne,88320,coarse,Standard,1000
4,1,MPIAdvance-CXI-Double-Buffering2,0.13445,0.8417,tuolumne,16384,coarse,Ready Send,1000
4,1,MPIAdvance-CXI-Single-Buffering2,0.147814,0.857807,tuolumne,16384,coarse,Standard,1000
4,1,Cray-MPICH-CXI-GPU-Enabled,0.117529,0.850698,tuolumne,16384,coarse,Standard,1000
4,2,MPIAdvance-CXI-Double-Buffering2,0.782681,11.1412,tuolumne,88320,coarse,Ready Send,1000
4,2,MPIAdvance-CXI-Single-Buffering2,0.674755,11.1102,tuolumne,88320,coarse,Standard,1000
4,2,Cray-MPICH-CXI-GPU-Enabled,0.692055,11.1229,tuolumne,88320,coarse,Standard,1000
4,2,MPIAdvance-CXI-Double-Buffering2,0.182894,0.501716,tuolumne,16384,coarse,Ready Send,1000
4,2,MPIAdvance-CXI-Single-Buffering2,0.197153,0.51312,tuolumne,16384,coarse,Standard,1000
4,2,Cray-MPICH-CXI-GPU-Enabled,0.115928,0.523372,tuolumne,16384,coarse,Standard,1000
4,4,MPIAdvance-CXI-Double-Buffering2,0.70683,5.62768,tuolumne,88320,coarse,Ready Send,1000
4,4,MPIAdvance-CXI-Single-Buffering2,0.585781,5.64396,tuolumne,88320,coarse,Standard,1000
4,4,Cray-MPICH-CXI-GPU-Enabled,0.500641,5.80461,tuolumne,88320,coarse,Standard,1000
4,4,MPIAdvance-CXI-Double-Buffering2,0.313587,0.302337,tuolumne,16384,coarse,Ready Send,1000
4,4,MPIAdvance-CXI-Single-Buffering2,0.244217,0.307738,tuolumne,16384,coarse,Standard,1000
4,4,Cray-MPICH-CXI-GPU-Enabled,0.178128,0.406868,tuolumne,16384,coarse,Standard,1000
8,1,MPIAdvance-CXI-Double-Buffering2,0.73424,10.992,tuolumne,88320,coarse,Ready Send,1000
8,1,MPIAdvance-CXI-Single-Buffering2,0.808202,10.967,tuolumne,88320,coarse,Standard,1000
8,1,Cray-MPICH-CXI-GPU-Enabled,0.688987,10.9794,tuolumne,88320,coarse,Standard,1000
8,1,MPIAdvance-CXI-Double-Buffering2,0.222704,0.50194,tuolumne,16384,coarse,Ready Send,1000
8,1,MPIAdvance-CXI-Single-Buffering2,0.125483,0.513273,tuolumne,16384,coarse,Standard,1000
8,1,Cray-MPICH-CXI-GPU-Enabled,0.184501,0.51609,tuolumne,16384,coarse,Standard,1000
8,2,MPIAdvance-CXI-Double-Buffering2,0.518126,5.51933,tuolumne,88320,coarse,Ready Send,1000
8,2,MPIAdvance-CXI-Single-Buffering2,0.504117,5.50881,tuolumne,88320,coarse,Standard,1000
8,2,Cray-MPICH-CXI-GPU-Enabled,0.375046,5.54908,tuolumne,88320,coarse,Standard,1000
8,2,MPIAdvance-CXI-Double-Buffering2,0.261221,0.300144,tuolumne,16384,coarse,Ready Send,1000
8,2,MPIAdvance-CXI-Single-Buffering2,0.260844,0.306567,tuolumne,16384,coarse,Standard,1000
8,2,Cray-MPICH-CXI-GPU-Enabled,0.220963,0.319931,tuolumne,16384,coarse,Standard,1000
8,4,MPIAdvance-CXI-Double-Buffering2,0.537457,2.78374,tuolumne,88320,coarse,Ready Send,1000
8,4,MPIAdvance-CXI-Single-Buffering2,0.471856,2.78947,tuolumne,88320,coarse,Standard,1000
8,4,Cray-MPICH-CXI-GPU-Enabled,0.290638,3.18244,tuolumne,88320,coarse,Standard,1000
8,4,MPIAdvance-CXI-Double-Buffering2,0.191098,0.185508,tuolumne,16384,coarse,Ready Send,1000
8,4,MPIAdvance-CXI-Single-Buffering2,0.224105,0.196875,tuolumne,16384,coarse,Standard,1000
8,4,Cray-MPICH-CXI-GPU-Enabled,0.157075,0.287497,tuolumne,16384,coarse,Standard,1000
16,1,MPIAdvance-CXI-Double-Buffering2,0.436346,5.5262,tuolumne,88320,coarse,Ready Send,1000
16,1,MPIAdvance-CXI-Single-Buffering2,0.535902,5.52362,tuolumne,88320,coarse,Standard,1000
16,1,Cray-MPICH-CXI-GPU-Enabled,0.45735,5.56701,tuolumne,88320,coarse,Standard,1000
16,1,MPIAdvance-CXI-Double-Buffering2,0.359965,0.30048,tuolumne,16384,coarse,Ready Send,1000
16,1,MPIAdvance-CXI-Single-Buffering2,0.275474,0.310127,tuolumne,16384,coarse,Standard,1000
16,1,Cray-MPICH-CXI-GPU-Enabled,0.123371,0.310404,tuolumne,16384,coarse,Standard,1000
16,2,MPIAdvance-CXI-Double-Buffering2,0.540184,2.78477,tuolumne,88320,coarse,Ready Send,1000
16,2,MPIAdvance-CXI-Single-Buffering2,0.507357,2.79632,tuolumne,88320,coarse,Standard,1000
16,2,Cray-MPICH-CXI-GPU-Enabled,0.403874,2.80636,tuolumne,88320,coarse,Standard,1000
16,2,MPIAdvance-CXI-Double-Buffering2,0.359157,0.186072,tuolumne,16384,coarse,Ready Send,1000
16,2,MPIAdvance-CXI-Single-Buffering2,0.394742,0.196448,tuolumne,16384,coarse,Standard,1000
16,2,Cray-MPICH-CXI-GPU-Enabled,0.343227,0.208413,tuolumne,16384,coarse,Standard,1000
16,4,MPIAdvance-CXI-Double-Buffering2,0.726533,1.44885,tuolumne,88320,coarse,Ready Send,1000
16,4,MPIAdvance-CXI-Single-Buffering2,0.588946,1.45565,tuolumne,88320,coarse,Standard,1000
16,4,Cray-MPICH-CXI-GPU-Enabled,0.473863,1.6718,tuolumne,88320,coarse,Standard,1000
16,4,MPIAdvance-CXI-Double-Buffering2,0.495136,0.143563,tuolumne,16384,coarse,Ready Send,1000
16,4,MPIAdvance-CXI-Single-Buffering2,0.572213,0.175017,tuolumne,16384,coarse,Standard,1000
16,4,Cray-MPICH-CXI-GPU-Enabled,0.42501,0.294912,tuolumne,16384,coarse,Standard,1000
32,1,MPIAdvance-CXI-Double-Buffering2,0.408174,2.77767,tuolumne,88320,coarse,Ready Send,1000
32,1,MPIAdvance-CXI-Single-Buffering2,0.414982,2.79545,tuolumne,88320,coarse,Standard,1000
32,1,Cray-MPICH-CXI-GPU-Enabled,0.319818,2.79773,tuolumne,88320,coarse,Standard,1000
32,1,MPIAdvance-CXI-Double-Buffering2,0.352519,0.186212,tuolumne,16384,coarse,Ready Send,1000
32,1,MPIAdvance-CXI-Single-Buffering2,0.183167,0.370372,tuolumne,16384,coarse,Standard,1000
32,1,Cray-MPICH-CXI-GPU-Enabled,0.099919,0.197432,tuolumne,16384,coarse,Standard,1000
32,2,MPIAdvance-CXI-Double-Buffering2,0.493781,1.44264,tuolumne,88320,coarse,Ready Send,1000
32,2,MPIAdvance-CXI-Single-Buffering2,0.528597,1.45061,tuolumne,88320,coarse,Standard,1000
32,2,Cray-MPICH-CXI-GPU-Enabled,0.294588,1.46076,tuolumne,88320,coarse,Standard,1000
32,2,MPIAdvance-CXI-Double-Buffering2,0.360276,0.147259,tuolumne,16384,coarse,Ready Send,1000
32,2,MPIAdvance-CXI-Single-Buffering2,0.348179,0.177967,tuolumne,16384,coarse,Standard,1000
32,2,Cray-MPICH-CXI-GPU-Enabled,0.290915,0.160761,tuolumne,16384,coarse,Standard,1000
32,4,MPIAdvance-CXI-Double-Buffering2,0.612861,0.842926,tuolumne,88320,coarse,Ready Send,1000
32,4,MPIAdvance-CXI-Single-Buffering2,0.501208,0.821051,tuolumne,88320,coarse,Standard,1000
32,4,Cray-MPICH-CXI-GPU-Enabled,0.394327,1.01424,tuolumne,88320,coarse,Standard,1000
32,4,MPIAdvance-CXI-Double-Buffering2,0.489608,0.139721,tuolumne,16384,coarse,Ready Send,1000
32,4,MPIAdvance-CXI-Single-Buffering2,0.499266,0.177314,tuolumne,16384,coarse,Standard,1000
32,4,Cray-MPICH-CXI-GPU-Enabled,0.350292,0.264988,tuolumne,16384,coarse,Standard,1000
64,1,MPIAdvance-CXI-Double-Buffering2,0.358575,1.44472,tuolumne,88320,coarse,Ready Send,1000
64,1,MPIAdvance-CXI-Single-Buffering2,0.336883,1.4543,tuolumne,88320,coarse,Standard,1000
64,1,Cray-MPICH-CXI-GPU-Enabled,0.336383,1.45809,tuolumne,88320,coarse,Standard,1000
64,1,MPIAdvance-CXI-Double-Buffering2,0.292798,0.283143,tuolumne,16384,coarse,Ready Send,1000
64,1,MPIAdvance-CXI-Single-Buffering2,0.196038,0.18537,tuolumne,16384,coarse,Standard,1000
64,1,Cray-MPICH-CXI-GPU-Enabled,0.265839,0.149145,tuolumne,16384,coarse,Standard,1000
64,2,MPIAdvance-CXI-Double-Buffering2,0.448908,0.858126,tuolumne,88320,coarse,Ready Send,1000
64,2,MPIAdvance-CXI-Single-Buffering2,0.441646,0.820059,tuolumne,88320,coarse,Standard,1000
64,2,Cray-MPICH-CXI-GPU-Enabled,0.334207,0.823865,tuolumne,88320,coarse,Standard,1000
64,2,MPIAdvance-CXI-Double-Buffering2,0.443319,0.143185,tuolumne,16384,coarse,Ready Send,1000
64,2,MPIAdvance-CXI-Single-Buffering2,0.417715,0.179259,tuolumne,16384,coarse,Standard,1000
64,2,Cray-MPICH-CXI-GPU-Enabled,0.297117,0.183913,tuolumne,16384,coarse,Standard,1000
64,4,MPIAdvance-CXI-Double-Buffering2,0.696248,0.499471,tuolumne,88320,coarse,Ready Send,1000
64,4,MPIAdvance-CXI-Single-Buffering2,0.598332,0.517256,tuolumne,88320,coarse,Standard,1000
64,4,Cray-MPICH-CXI-GPU-Enabled,0.411992,0.790215,tuolumne,88320,coarse,Standard,1000
64,4,MPIAdvance-CXI-Double-Buffering2,0.600041,0.141169,tuolumne,16384,coarse,Ready Send,1000
64,4,MPIAdvance-CXI-Single-Buffering2,0.614828,0.175073,tuolumne,16384,coarse,Standard,1000
64,4,Cray-MPICH-CXI-GPU-Enabled,0.429164,0.270407,tuolumne,16384,coarse,Standard,1000
128,1,MPIAdvance-CXI-Double-Buffering2,0.237312,0.852878,tuolumne,88320,coarse,Ready Send,1000
128,1,MPIAdvance-CXI-Single-Buffering2,0.306608,0.818436,tuolumne,88320,coarse,Standard,1000
128,1,Cray-MPICH-CXI-GPU-Enabled,0.246011,0.814193,tuolumne,88320,coarse,Standard,1000
128,1,MPIAdvance-CXI-Double-Buffering2,0.252228,0.271896,tuolumne,16384,coarse,Ready Send,1000
128,1,MPIAdvance-CXI-Single-Buffering2,0.255934,0.373394,tuolumne,16384,coarse,Standard,1000
128,1,Cray-MPICH-CXI-GPU-Enabled,0.238627,0.260198,tuolumne,16384,coarse,Standard,1000
128,2,MPIAdvance-CXI-Double-Buffering2,0.437548,0.496339,tuolumne,88320,coarse,Ready Send,1000
128,2,MPIAdvance-CXI-Single-Buffering2,0.437128,0.511292,tuolumne,88320,coarse,Standard,1000
128,2,Cray-MPICH-CXI-GPU-Enabled,0.355875,0.546253,tuolumne,88320,coarse,Standard,1000
128,2,MPIAdvance-CXI-Double-Buffering2,0.384116,0.235768,tuolumne,16384,coarse,Ready Send,1000
128,2,MPIAdvance-CXI-Single-Buffering2,0.412379,0.276243,tuolumne,16384,coarse,Standard,1000
128,2,Cray-MPICH-CXI-GPU-Enabled,0.320871,0.160697,tuolumne,16384,coarse,Standard,1000
128,4,MPIAdvance-CXI-Double-Buffering2,0.588448,0.280715,tuolumne,88320,coarse,Ready Send,1000
128,4,MPIAdvance-CXI-Single-Buffering2,0.541693,0.291623,tuolumne,88320,coarse,Standard,1000
128,4,Cray-MPICH-CXI-GPU-Enabled,0.356599,0.507867,tuolumne,88320,coarse,Standard,1000
128,4,MPIAdvance-CXI-Double-Buffering2,0.499547,0.145628,tuolumne,16384,coarse,Ready Send,1000
128,4,MPIAdvance-CXI-Single-Buffering2,0.461822,0.182456,tuolumne,16384,coarse,Standard,1000
128,4,Cray-MPICH-CXI-GPU-Enabled,0.374186,0.267994,tuolumne,16384,coarse,Standard,1000
2,1,MPIAdvance-CXI-Double-Buffering2,2.38714,44.4579,tuolumne,88320,coarse,Ready Send,1000
2,1,MPIAdvance-CXI-Single-Buffering2,2.43464,44.7308,tuolumne,88320,coarse,Standard,1000
2,1,Cray-MPICH-CXI-GPU-Enabled,2.55103,44.6986,tuolumne,88320,coarse,Standard,1000
2,1,MPIAdvance-CXI-Double-Buffering2,0.212825,1.54098,tuolumne,16384,coarse,Ready Send,1000
2,1,MPIAdvance-CXI-Single-Buffering2,0.151602,1.54229,tuolumne,16384,coarse,Standard,1000
2,1,Cray-MPICH-CXI-GPU-Enabled,0.165664,1.54375,tuolumne,16384,coarse,Standard,1000
2,2,MPIAdvance-CXI-Double-Buffering2,1.28584,23.3085,tuolumne,88320,coarse,Ready Send,1000
2,2,MPIAdvance-CXI-Single-Buffering2,1.30619,23.3008,tuolumne,88320,coarse,Standard,1000
2,2,Cray-MPICH-CXI-GPU-Enabled,1.25468,23.3247,tuolumne,88320,coarse,Standard,1000
2,2,MPIAdvance-CXI-Double-Buffering2,0.165915,0.848695,tuolumne,16384,coarse,Ready Send,1000
2,2,MPIAdvance-CXI-Single-Buffering2,0.224206,0.858094,tuolumne,16384,coarse,Standard,1000
2,2,Cray-MPICH-CXI-GPU-Enabled,0.178066,0.880145,tuolumne,16384,coarse,Standard,1000
2,4,MPIAdvance-CXI-Double-Buffering2,0.98871,11.214,tuolumne,88320,coarse,Ready Send,1000
2,4,MPIAdvance-CXI-Single-Buffering2,0.785976,11.1637,tuolumne,88320,coarse,Standard,1000
2,4,Cray-MPICH-CXI-GPU-Enabled,0.750174,11.3526,tuolumne,88320,coarse,Standard,1000
2,4,MPIAdvance-CXI-Double-Buffering2,0.242874,0.503447,tuolumne,16384,coarse,Ready Send,1000
2,4,MPIAdvance-CXI-Single-Buffering2,0.335122,0.517819,tuolumne,16384,coarse,Standard,1000
2,4,Cray-MPICH-CXI-GPU-Enabled,0.146021,0.609056,tuolumne,16384,coarse,Standard,1000
4,1,MPIAdvance-CXI-Double-Buffering2,1.24774,22.6967,tuolumne,88320,coarse,Ready Send,1000
4,1,MPIAdvance-CXI-Single-Buffering2,1.22555,22.6606,tuolumne,88320,coarse,Standard,1000
4,1,Cray-MPICH-CXI-GPU-Enabled,1.28789,22.7284,tuolumne,88320,coarse,Standard,1000
4,1,MPIAdvance-CXI-Double-Buffering2,0.111431,0.834259,tuolumne,16384,coarse,Ready Send,1000
4,1,MPIAdvance-CXI-Single-Buffering2,0.153838,0.847745,tuolumne,16384,coarse,Standard,1000
4,1,Cray-MPICH-CXI-GPU-Enabled,0.0893645,0.837856,tuolumne,16384,coarse,Standard,1000
4,2,MPIAdvance-CXI-Double-Buffering2,0.725219,11.0463,tuolumne,88320,coarse,Ready Send,1000
4,2,MPIAdvance-CXI-Single-Buffering2,0.656208,11.0358,tuolumne,88320,coarse,Standard,1000
4,2,Cray-MPICH-CXI-GPU-Enabled,0.605217,11.0286,tuolumne,88320,coarse,Standard,1000
4,2,MPIAdvance-CXI-Double-Buffering2,0.100812,0.494832,tuolumne,16384,coarse,Ready Send,1000
4,2,MPIAdvance-CXI-Single-Buffering2,0.141138,0.50609,tuolumne,16384,coarse,Standard,1000
4,2,Cray-MPICH-CXI-GPU-Enabled,0.068482,0.519326,tuolumne,16384,coarse,Standard,1000
4,4,MPIAdvance-CXI-Double-Buffering2,0.585133,5.5754,tuolumne,88320,coarse,Ready Send,1000
4,4,MPIAdvance-CXI-Single-Buffering2,0.425409,5.59325,tuolumne,88320,coarse,Standard,1000
4,4,Cray-MPICH-CXI-GPU-Enabled,0.425847,5.7391,tuolumne,88320,coarse,Standard,1000
4,4,MPIAdvance-CXI-Double-Buffering2,0.119442,0.296546,tuolumne,16384,coarse,Ready Send,1000
4,4,MPIAdvance-CXI-Single-Buffering2,0.140998,0.302755,tuolumne,16384,coarse,Standard,1000
4,4,Cray-MPICH-CXI-GPU-Enabled,0.157709,0.380101,tuolumne,16384,coarse,Standard,1000
8,1,MPIAdvance-CXI-Double-Buffering2,0.783007,11.0497,tuolumne,88320,coarse,Ready Send,1000
8,1,MPIAdvance-CXI-Single-Buffering2,0.675106,11.0257,tuolumne,88320,coarse,Standard,1000
8,1,Cray-MPICH-CXI-GPU-Enabled,0.71039,11.026,tuolumne,88320,coarse,Standard,1000
8,1,MPIAdvance-CXI-Double-Buffering2,0.145234,0.498451,tuolumne,16384,coarse,Ready Send,1000
8,1,MPIAdvance-CXI-Single-Buffering2,0.188813,0.509565,tuolumne,16384,coarse,Standard,1000
8,1,Cray-MPICH-CXI-GPU-Enabled,0.156766,0.506108,tuolumne,16384,coarse,Standard,1000
8,2,MPIAdvance-CXI-Double-Buffering2,0.599616,5.60027,tuolumne,88320,coarse,Ready Send,1000
8,2,MPIAdvance-CXI-Single-Buffering2,0.420003,5.57841,tuolumne,88320,coarse,Standard,1000
8,2,Cray-MPICH-CXI-GPU-Enabled,0.430722,5.62195,tuolumne,88320,coarse,Standard,1000
8,2,MPIAdvance-CXI-Double-Buffering2,0.124704,0.298439,tuolumne,16384,coarse,Ready Send,1000
8,2,MPIAdvance-CXI-Single-Buffering2,0.16103,0.307459,tuolumne,16384,coarse,Standard,1000
8,2,Cray-MPICH-CXI-GPU-Enabled,0.133038,0.320362,tuolumne,16384,coarse,Standard,1000
8,4,MPIAdvance-CXI-Double-Buffering2,0.521198,2.77126,tuolumne,88320,coarse,Ready Send,1000
8,4,MPIAdvance-CXI-Single-Buffering2,0.425497,2.77855,tuolumne,88320,coarse,Standard,1000
8,4,Cray-MPICH-CXI-GPU-Enabled,0.285846,3.08588,tuolumne,88320,coarse,Standard,1000
8,4,MPIAdvance-CXI-Double-Buffering2,0.235834,0.185467,tuolumne,16384,coarse,Ready Send,1000
8,4,MPIAdvance-CXI-Single-Buffering2,0.288666,0.194118,tuolumne,16384,coarse,Standard,1000
8,4,Cray-MPICH-CXI-GPU-Enabled,0.179189,0.281168,tuolumne,16384,coarse,Standard,1000
16,1,MPIAdvance-CXI-Double-Buffering2,0.628804,5.54016,tuolumne,88320,coarse,Ready Send,1000
16,1,MPIAdvance-CXI-Single-Buffering2,0.43773,5.52919,tuolumne,88320,coarse,Standard,1000
16,1,Cray-MPICH-CXI-GPU-Enabled,0.398539,5.57208,tuolumne,88320,coarse,Standard,1000
16,1,MPIAdvance-CXI-Double-Buffering2,0.179577,0.299835,tuolumne,16384,coarse,Ready Send,1000
16,1,MPIAdvance-CXI-Single-Buffering2,0.189408,0.30761,tuolumne,16384,coarse,Standard,1000
16,1,Cray-MPICH-CXI-GPU-Enabled,0.121623,0.310581,tuolumne,16384,coarse,Standard,1000
16,2,MPIAdvance-CXI-Double-Buffering2,0.595284,2.79257,tuolumne,88320,coarse,Ready Send,1000
16,2,MPIAdvance-CXI-Single-Buffering2,0.425299,2.79836,tuolumne,88320,coarse,Standard,1000
16,2,Cray-MPICH-CXI-GPU-Enabled,0.299123,2.80116,tuolumne,88320,coarse,Standard,1000
16,2,MPIAdvance-CXI-Double-Buffering2,0.283192,0.185665,tuolumne,16384,coarse,Ready Send,1000
16,2,MPIAdvance-CXI-Single-Buffering2,0.275621,0.194952,tuolumne,16384,coarse,Standard,1000
16,2,Cray-MPICH-CXI-GPU-Enabled,0.263133,0.206095,tuolumne,16384,coarse,Standard,1000
16,4,MPIAdvance-CXI-Double-Buffering2,0.531638,1.44797,tuolumne,88320,coarse,Ready Send,1000
16,4,MPIAdvance-CXI-Single-Buffering2,0.49905,1.4579,tuolumne,88320,coarse,Standard,1000
16,4,Cray-MPICH-CXI-GPU-Enabled,0.398878,1.65584,tuolumne,88320,coarse,Standard,1000
16,4,MPIAdvance-CXI-Double-Buffering2,0.362465,0.144236,tuolumne,16384,coarse,Ready Send,1000
16,4,MPIAdvance-CXI-Single-Buffering2,0.413374,0.176248,tuolumne,16384,coarse,Standard,1000
16,4,Cray-MPICH-CXI-GPU-Enabled,0.290979,0.299645,tuolumne,16384,coarse,Standard,1000
32,1,MPIAdvance-CXI-Double-Buffering2,0.420244,2.78056,tuolumne,88320,coarse,Ready Send,1000
32,1,MPIAdvance-CXI-Single-Buffering2,0.385646,2.78678,tuolumne,88320,coarse,Standard,1000
32,1,Cray-MPICH-CXI-GPU-Enabled,0.287589,2.79684,tuolumne,88320,coarse,Standard,1000
32,1,MPIAdvance-CXI-Double-Buffering2,0.183925,0.186079,tuolumne,16384,coarse,Ready Send,1000
32,1,MPIAdvance-CXI-Single-Buffering2,0.141343,0.195176,tuolumne,16384,coarse,Standard,1000
32,1,Cray-MPICH-CXI-GPU-Enabled,0.0962132,0.195998,tuolumne,16384,coarse,Standard,1000
32,2,MPIAdvance-CXI-Double-Buffering2,0.53824,1.44113,tuolumne,88320,coarse,Ready Send,1000
32,2,MPIAdvance-CXI-Single-Buffering2,0.359675,1.45087,tuolumne,88320,coarse,Standard,1000
32,2,Cray-MPICH-CXI-GPU-Enabled,0.289387,1.46317,tuolumne,88320,coarse,Standard,1000
32,2,MPIAdvance-CXI-Double-Buffering2,0.337236,0.224534,tuolumne,16384,coarse,Ready Send,1000
32,2,MPIAdvance-CXI-Single-Buffering2,0.260341,0.296226,tuolumne,16384,coarse,Standard,1000
32,2,Cray-MPICH-CXI-GPU-Enabled,0.203613,0.19241,tuolumne,16384,coarse,Standard,1000
32,4,MPIAdvance-CXI-Double-Buffering2,0.596402,0.832432,tuolumne,88320,coarse,Ready Send,1000
32,4,MPIAdvance-CXI-Single-Buffering2,0.399734,0.825866,tuolumne,88320,coarse,Standard,1000
32,4,Cray-MPICH-CXI-GPU-Enabled,0.285794,1.01764,tuolumne,88320,coarse,Standard,1000
32,4,MPIAdvance-CXI-Double-Buffering2,0.443326,0.140417,tuolumne,16384,coarse,Ready Send,1000
32,4,MPIAdvance-CXI-Single-Buffering2,0.425541,0.174371,tuolumne,16384,coarse,Standard,1000
32,4,Cray-MPICH-CXI-GPU-Enabled,0.310055,0.262749,tuolumne,16384,coarse,Standard,1000
64,1,MPIAdvance-CXI-Double-Buffering2,0.325756,1.44349,tuolumne,88320,coarse,Ready Send,1000
64,1,MPIAdvance-CXI-Single-Buffering2,0.302329,1.45121,tuolumne,88320,coarse,Standard,1000
64,1,Cray-MPICH-CXI-GPU-Enabled,0.229494,1.45582,tuolumne,88320,coarse,Standard,1000
64,1,MPIAdvance-CXI-Double-Buffering2,0.231301,0.139899,tuolumne,16384,coarse,Ready Send,1000
64,1,MPIAdvance-CXI-Single-Buffering2,0.230616,0.177297,tuolumne,16384,coarse,Standard,1000
64,1,Cray-MPICH-CXI-GPU-Enabled,0.161218,0.298205,tuolumne,16384,coarse,Standard,1000
64,2,MPIAdvance-CXI-Double-Buffering2,0.478125,0.84482,tuolumne,88320,coarse,Ready Send,1000
64,2,MPIAdvance-CXI-Single-Buffering2,0.329525,0.824476,tuolumne,88320,coarse,Standard,1000
64,2,Cray-MPICH-CXI-GPU-Enabled,0.275443,0.83205,tuolumne,88320,coarse,Standard,1000
64,2,MPIAdvance-CXI-Double-Buffering2,0.240918,0.142716,tuolumne,16384,coarse,Ready Send,1000
64,2,MPIAdvance-CXI-Single-Buffering2,0.289958,0.30188,tuolumne,16384,coarse,Standard,1000
64,2,Cray-MPICH-CXI-GPU-Enabled,0.255138,0.181806,tuolumne,16384,coarse,Standard,1000
64,4,MPIAdvance-CXI-Double-Buffering2,0.526129,0.50211,tuolumne,88320,coarse,Ready Send,1000
64,4,MPIAdvance-CXI-Single-Buffering2,0.478767,0.51692,tuolumne,88320,coarse,Standard,1000
64,4,Cray-MPICH-CXI-GPU-Enabled,0.274409,0.739988,tuolumne,88320,coarse,Standard,1000
64,4,MPIAdvance-CXI-Double-Buffering2,0.492892,0.139843,tuolumne,16384,coarse,Ready Send,1000
64,4,MPIAdvance-CXI-Single-Buffering2,0.41836,0.175809,tuolumne,16384,coarse,Standard,1000
64,4,Cray-MPICH-CXI-GPU-Enabled,0.345945,0.266311,tuolumne,16384,coarse,Standard,1000
128,1,MPIAdvance-CXI-Double-Buffering2,0.32842,0.830484,tuolumne,88320,coarse,Ready Send,1000
128,1,MPIAdvance-CXI-Single-Buffering2,0.37341,0.825319,tuolumne,88320,coarse,Standard,1000
128,1,Cray-MPICH-CXI-GPU-Enabled,0.209036,0.818304,tuolumne,88320,coarse,Standard,1000
128,1,MPIAdvance-CXI-Double-Buffering2,0.283965,0.281423,tuolumne,16384,coarse,Ready Send,1000
128,1,MPIAdvance-CXI-Single-Buffering2,0.157334,0.173145,tuolumne,16384,coarse,Standard,1000
128,1,Cray-MPICH-CXI-GPU-Enabled,0.271281,0.128101,tuolumne,16384,coarse,Standard,1000
128,2,MPIAdvance-CXI-Double-Buffering2,0.611135,0.499631,tuolumne,88320,coarse,Ready Send,1000
128,2,MPIAdvance-CXI-Single-Buffering2,0.42695,0.514363,tuolumne,88320,coarse,Standard,1000
128,2,Cray-MPICH-CXI-GPU-Enabled,0.362838,0.540998,tuolumne,88320,coarse,Standard,1000
128,2,MPIAdvance-CXI-Double-Buffering2,0.398806,0.218057,tuolumne,16384,coarse,Ready Send,1000
128,2,MPIAdvance-CXI-Single-Buffering2,0.367051,0.298918,tuolumne,16384,coarse,Standard,1000
128,2,Cray-MPICH-CXI-GPU-Enabled,0.277095,0.129983,tuolumne,16384,coarse,Standard,1000
128,4,MPIAdvance-CXI-Double-Buffering2,0.59515,0.278359,tuolumne,88320,coarse,Ready Send,1000
128,4,MPIAdvance-CXI-Single-Buffering2,0.510214,0.28917,tuolumne,88320,coarse,Standard,1000
128,4,Cray-MPICH-CXI-GPU-Enabled,0.384844,0.501973,tuolumne,88320,coarse,Standard,1000
128,4,MPIAdvance-CXI-Double-Buffering2,0.462287,0.142318,tuolumne,16384,coarse,Ready Send,1000
128,4,MPIAdvance-CXI-Single-Buffering2,0.470558,0.179686,tuolumne,16384,coarse,Standard,1000
128,4,Cray-MPICH-CXI-GPU-Enabled,0.326856,0.261543,tuolumne,16384,coarse,Standard,1000
2,1,MPIAdvance-CXI-Double-Buffering2,2.395,44.0356,tuolumne,88320,coarse,Ready Send,1000
2,1,MPIAdvance-CXI-Single-Buffering2,2.49696,44.3309,tuolumne,88320,coarse,Standard,1000
2,1,Cray-MPICH-CXI-GPU-Enabled,2.37357,44.2606,tuolumne,88320,coarse,Standard,1000
2,1,MPIAdvance-CXI-Double-Buffering2,0.198982,1.52953,tuolumne,16384,coarse,Ready Send,1000
2,1,MPIAdvance-CXI-Single-Buffering2,0.202903,1.53169,tuolumne,16384,coarse,Standard,1000
2,1,Cray-MPICH-CXI-GPU-Enabled,0.141641,1.55086,tuolumne,16384,coarse,Standard,1000
2,2,MPIAdvance-CXI-Double-Buffering2,1.248,22.0856,tuolumne,88320,coarse,Ready Send,1000
2,2,MPIAdvance-CXI-Single-Buffering2,1.25394,22.0893,tuolumne,88320,coarse,Standard,1000
2,2,Cray-MPICH-CXI-GPU-Enabled,1.18512,22.1746,tuolumne,88320,coarse,Standard,1000
2,2,MPIAdvance-CXI-Double-Buffering2,0.138702,0.842277,tuolumne,16384,coarse,Ready Send,1000
2,2,MPIAdvance-CXI-Single-Buffering2,0.143339,0.853159,tuolumne,16384,coarse,Standard,1000
2,2,Cray-MPICH-CXI-GPU-Enabled,0.116825,0.876424,tuolumne,16384,coarse,Standard,1000
2,4,MPIAdvance-CXI-Double-Buffering2,0.853142,11.047,tuolumne,88320,coarse,Ready Send,1000
2,4,MPIAdvance-CXI-Single-Buffering2,0.728298,10.9991,tuolumne,88320,coarse,Standard,1000
2,4,Cray-MPICH-CXI-GPU-Enabled,0.646543,11.2079,tuolumne,88320,coarse,Standard,1000
2,4,MPIAdvance-CXI-Double-Buffering2,0.171709,0.500385,tuolumne,16384,coarse,Ready Send,1000
2,4,MPIAdvance-CXI-Single-Buffering2,0.144968,0.511381,tuolumne,16384,coarse,Standard,1000
2,4,Cray-MPICH-CXI-GPU-Enabled,0.135848,0.623161,tuolumne,16384,coarse,Standard,1000
4,1,MPIAdvance-CXI-Double-Buffering2,1.26209,22.6024,tuolumne,88320,coarse,Ready Send,1000
4,1,MPIAdvance-CXI-Single-Buffering2,1.2879,22.5897,tuolumne,88320,coarse,Standard,1000
4,1,Cray-MPICH-CXI-GPU-Enabled,1.22997,22.6506,tuolumne,88320,coarse,Standard,1000
4,1,MPIAdvance-CXI-Double-Buffering2,0.124513,0.837628,tuolumne,16384,coarse,Ready Send,1000
4,1,MPIAdvance-CXI-Single-Buffering2,0.126584,0.849861,tuolumne,16384,coarse,Standard,1000
4,1,Cray-MPICH-CXI-GPU-Enabled,0.103067,0.844366,tuolumne,16384,coarse,Standard,1000
4,2,MPIAdvance-CXI-Double-Buffering2,0.725229,11.1897,tuolumne,88320,coarse,Ready Send,1000
4,2,MPIAdvance-CXI-Single-Buffering2,0.699296,11.1361,tuolumne,88320,coarse,Standard,1000
4,2,Cray-MPICH-CXI-GPU-Enabled,0.646242,11.1808,tuolumne,88320,coarse,Standard,1000
4,2,MPIAdvance-CXI-Double-Buffering2,0.150777,0.499796,tuolumne,16384,coarse,Ready Send,1000
4,2,MPIAdvance-CXI-Single-Buffering2,0.201454,0.510894,tuolumne,16384,coarse,Standard,1000
4,2,Cray-MPICH-CXI-GPU-Enabled,0.0839291,0.522957,tuolumne,16384,coarse,Standard,1000
4,4,MPIAdvance-CXI-Double-Buffering2,0.560476,5.64715,tuolumne,88320,coarse,Ready Send,1000
4,4,MPIAdvance-CXI-Single-Buffering2,0.485343,5.64011,tuolumne,88320,coarse,Standard,1000
4,4,Cray-MPICH-CXI-GPU-Enabled,0.375701,5.80997,tuolumne,88320,coarse,Standard,1000
4,4,MPIAdvance-CXI-Double-Buffering2,0.254153,0.300315,tuolumne,16384,coarse,Ready Send,1000
4,4,MPIAdvance-CXI-Single-Buffering2,0.17093,0.311077,tuolumne,16384,coarse,Standard,1000
4,4,Cray-MPICH-CXI-GPU-Enabled,0.185043,0.394976,tuolumne,16384,coarse,Standard,1000
8,1,MPIAdvance-CXI-Double-Buffering2,0.682684,11.0289,tuolumne,88320,coarse,Ready Send,1000
8,1,MPIAdvance-CXI-Single-Buffering2,0.688665,10.9828,tuolumne,88320,coarse,Standard,1000
8,1,Cray-MPICH-CXI-GPU-Enabled,0.729319,11.0282,tuolumne,88320,coarse,Standard,1000
8,1,MPIAdvance-CXI-Double-Buffering2,0.145049,0.50298,tuolumne,16384,coarse,Ready Send,1000
8,1,MPIAdvance-CXI-Single-Buffering2,0.249166,0.51489,tuolumne,16384,coarse,Standard,1000
8,1,Cray-MPICH-CXI-GPU-Enabled,0.178808,0.51708,tuolumne,16384,coarse,Standard,1000
8,2,MPIAdvance-CXI-Double-Buffering2,0.480923,5.54596,tuolumne,88320,coarse,Ready Send,1000
8,2,MPIAdvance-CXI-Single-Buffering2,0.509771,5.54883,tuolumne,88320,coarse,Standard,1000
8,2,Cray-MPICH-CXI-GPU-Enabled,0.429974,5.58271,tuolumne,88320,coarse,Standard,1000
8,2,MPIAdvance-CXI-Double-Buffering2,0.284476,0.299987,tuolumne,16384,coarse,Ready Send,1000
8,2,MPIAdvance-CXI-Single-Buffering2,0.233757,0.306236,tuolumne,16384,coarse,Standard,1000
8,2,Cray-MPICH-CXI-GPU-Enabled,0.173966,0.317156,tuolumne,16384,coarse,Standard,1000
8,4,MPIAdvance-CXI-Double-Buffering2,0.52982,2.77824,tuolumne,88320,coarse,Ready Send,1000
8,4,MPIAdvance-CXI-Single-Buffering2,0.504225,2.79073,tuolumne,88320,coarse,Standard,1000
8,4,Cray-MPICH-CXI-GPU-Enabled,0.321577,2.949,tuolumne,88320,coarse,Standard,1000
8,4,MPIAdvance-CXI-Double-Buffering2,0.360451,0.186068,tuolumne,16384,coarse,Ready Send,1000
8,4,MPIAdvance-CXI-Single-Buffering2,0.359913,0.194955,tuolumne,16384,coarse,Standard,1000
8,4,Cray-MPICH-CXI-GPU-Enabled,0.187257,0.287981,tuolumne,16384,coarse,Standard,1000
16,1,MPIAdvance-CXI-Double-Buffering2,0.430281,5.54171,tuolumne,88320,coarse,Ready Send,1000
16,1,MPIAdvance-CXI-Single-Buffering2,0.464753,5.53762,tuolumne,88320,coarse,Standard,1000
16,1,Cray-MPICH-CXI-GPU-Enabled,0.501896,5.56815,tuolumne,88320,coarse,Standard,1000
16,1,MPIAdvance-CXI-Double-Buffering2,0.223338,0.299691,tuolumne,16384,coarse,Ready Send,1000
16,1,MPIAdvance-CXI-Single-Buffering2,0.276802,0.306217,tuolumne,16384,coarse,Standard,1000
16,1,Cray-MPICH-CXI-GPU-Enabled,0.254109,0.311559,tuolumne,16384,coarse,Standard,1000
16,2,MPIAdvance-CXI-Double-Buffering2,0.499486,2.77847,tuolumne,88320,coarse,Ready Send,1000
16,2,MPIAdvance-CXI-Single-Buffering2,0.489065,2.79849,tuolumne,88320,coarse,Standard,1000
16,2,Cray-MPICH-CXI-GPU-Enabled,0.34366,2.80817,tuolumne,88320,coarse,Standard,1000
16,2,MPIAdvance-CXI-Double-Buffering2,0.302442,0.186224,tuolumne,16384,coarse,Ready Send,1000
16,2,MPIAdvance-CXI-Single-Buffering2,0.316266,0.19515,tuolumne,16384,coarse,Standard,1000
16,2,Cray-MPICH-CXI-GPU-Enabled,0.209552,0.208374,tuolumne,16384,coarse,Standard,1000
16,4,MPIAdvance-CXI-Double-Buffering2,0.670225,1.45231,tuolumne,88320,coarse,Ready Send,1000
16,4,MPIAdvance-CXI-Single-Buffering2,0.4889,1.45866,tuolumne,88320,coarse,Standard,1000
16,4,Cray-MPICH-CXI-GPU-Enabled,0.445549,1.65869,tuolumne,88320,coarse,Standard,1000
16,4,MPIAdvance-CXI-Double-Buffering2,0.431994,0.1436,tuolumne,16384,coarse,Ready Send,1000
16,4,MPIAdvance-CXI-Single-Buffering2,0.561427,0.176308,tuolumne,16384,coarse,Standard,1000
16,4,Cray-MPICH-CXI-GPU-Enabled,0.388033,0.297122,tuolumne,16384,coarse,Standard,1000
32,1,MPIAdvance-CXI-Double-Buffering2,0.312713,2.78279,tuolumne,88320,coarse,Ready Send,1000
32,1,MPIAdvance-CXI-Single-Buffering2,0.390828,2.788,tuolumne,88320,coarse,Standard,1000
32,1,Cray-MPICH-CXI-GPU-Enabled,0.311822,2.79773,tuolumne,88320,coarse,Standard,1000
32,1,MPIAdvance-CXI-Double-Buffering2,0.256423,0.237411,tuolumne,16384,coarse,Ready Send,1000
32,1,MPIAdvance-CXI-Single-Buffering2,0.225472,0.297317,tuolumne,16384,coarse,Standard,1000
32,1,Cray-MPICH-CXI-GPU-Enabled,0.164478,0.201219,tuolumne,16384,coarse,Standard,1000
32,2,MPIAdvance-CXI-Double-Buffering2,0.370955,1.4419,tuolumne,88320,coarse,Ready Send,1000
32,2,MPIAdvance-CXI-Single-Buffering2,0.388093,1.45134,tuolumne,88320,coarse,Standard,1000
32,2,Cray-MPICH-CXI-GPU-Enabled,0.34606,1.45934,tuolumne,88320,coarse,Standard,1000
32,2,MPIAdvance-CXI-Double-Buffering2,0.319457,0.218491,tuolumne,16384,coarse,Ready Send,1000
32,2,MPIAdvance-CXI-Single-Buffering2,0.321937,0.175922,tuolumne,16384,coarse,Standard,1000
32,2,Cray-MPICH-CXI-GPU-Enabled,0.261831,0.183875,tuolumne,16384,coarse,Standard,1000
32,4,MPIAdvance-CXI-Double-Buffering2,0.58581,0.82529,tuolumne,88320,coarse,Ready Send,1000
32,4,MPIAdvance-CXI-Single-Buffering2,0.429209,0.829394,tuolumne,88320,coarse,Standard,1000
32,4,Cray-MPICH-CXI-GPU-Enabled,0.385557,1.00855,tuolumne,88320,coarse,Standard,1000
32,4,MPIAdvance-CXI-Double-Buffering2,0.474254,0.140083,tuolumne,16384,coarse,Ready Send,1000
32,4,MPIAdvance-CXI-Single-Buffering2,0.452125,0.176543,tuolumne,16384,coarse,Standard,1000
32,4,Cray-MPICH-CXI-GPU-Enabled,0.340136,0.256357,tuolumne,16384,coarse,Standard,1000
64,1,MPIAdvance-CXI-Double-Buffering2,0.29407,1.44153,tuolumne,88320,coarse,Ready Send,1000
64,1,MPIAdvance-CXI-Single-Buffering2,0.350829,1.45533,tuolumne,88320,coarse,Standard,1000
64,1,Cray-MPICH-CXI-GPU-Enabled,0.328912,1.45918,tuolumne,88320,coarse,Standard,1000
64,1,MPIAdvance-CXI-Double-Buffering2,0.24832,0.149112,tuolumne,16384,coarse,Ready Send,1000
64,1,MPIAdvance-CXI-Single-Buffering2,0.204981,0.358192,tuolumne,16384,coarse,Standard,1000
64,1,Cray-MPICH-CXI-GPU-Enabled,0.176085,0.244798,tuolumne,16384,coarse,Standard,1000
64,2,MPIAdvance-CXI-Double-Buffering2,0.385773,0.847314,tuolumne,88320,coarse,Ready Send,1000
64,2,MPIAdvance-CXI-Single-Buffering2,0.352131,0.832771,tuolumne,88320,coarse,Standard,1000
64,2,Cray-MPICH-CXI-GPU-Enabled,0.265916,0.823989,tuolumne,88320,coarse,Standard,1000
64,2,MPIAdvance-CXI-Double-Buffering2,0.352352,0.139359,tuolumne,16384,coarse,Ready Send,1000
64,2,MPIAdvance-CXI-Single-Buffering2,0.399194,0.174252,tuolumne,16384,coarse,Standard,1000
64,2,Cray-MPICH-CXI-GPU-Enabled,0.234382,0.138914,tuolumne,16384,coarse,Standard,1000
64,4,MPIAdvance-CXI-Double-Buffering2,0.629409,0.501417,tuolumne,88320,coarse,Ready Send,1000
64,4,MPIAdvance-CXI-Single-Buffering2,0.506747,0.518081,tuolumne,88320,coarse,Standard,1000
64,4,Cray-MPICH-CXI-GPU-Enabled,0.401646,0.742723,tuolumne,88320,coarse,Standard,1000
64,4,MPIAdvance-CXI-Double-Buffering2,0.479547,0.140261,tuolumne,16384,coarse,Ready Send,1000
64,4,MPIAdvance-CXI-Single-Buffering2,0.527492,0.173839,tuolumne,16384,coarse,Standard,1000
64,4,Cray-MPICH-CXI-GPU-Enabled,0.408282,0.269452,tuolumne,16384,coarse,Standard,1000
128,1,MPIAdvance-CXI-Double-Buffering2,0.348361,0.837877,tuolumne,88320,coarse,Ready Send,1000
128,1,MPIAdvance-CXI-Single-Buffering2,0.370821,0.821381,tuolumne,88320,coarse,Standard,1000
128,1,Cray-MPICH-CXI-GPU-Enabled,0.256756,0.819858,tuolumne,88320,coarse,Standard,1000
128,1,MPIAdvance-CXI-Double-Buffering2,0.236627,0.139683,tuolumne,16384,coarse,Ready Send,1000
128,1,MPIAdvance-CXI-Single-Buffering2,0.231936,0.176446,tuolumne,16384,coarse,Standard,1000
128,1,Cray-MPICH-CXI-GPU-Enabled,0.155447,0.1267,tuolumne,16384,coarse,Standard,1000
128,2,MPIAdvance-CXI-Double-Buffering2,0.415776,0.500392,tuolumne,88320,coarse,Ready Send,1000
128,2,MPIAdvance-CXI-Single-Buffering2,0.470648,0.513521,tuolumne,88320,coarse,Standard,1000
128,2,Cray-MPICH-CXI-GPU-Enabled,0.342804,0.53018,tuolumne,88320,coarse,Standard,1000
128,2,MPIAdvance-CXI-Double-Buffering2,0.423382,0.137762,tuolumne,16384,coarse,Ready Send,1000
128,2,MPIAdvance-CXI-Single-Buffering2,0.459294,0.299069,tuolumne,16384,coarse,Standard,1000
128,2,Cray-MPICH-CXI-GPU-Enabled,0.296244,0.129867,tuolumne,16384,coarse,Standard,1000
128,4,MPIAdvance-CXI-Double-Buffering2,0.662388,0.281004,tuolumne,88320,coarse,Ready Send,1000
128,4,MPIAdvance-CXI-Single-Buffering2,0.563834,0.292487,tuolumne,88320,coarse,Standard,1000
128,4,Cray-MPICH-CXI-GPU-Enabled,0.415298,0.503379,tuolumne,88320,coarse,Standard,1000
128,4,MPIAdvance-CXI-Double-Buffering2,0.503147,0.143636,tuolumne,16384,coarse,Ready Send,1000
128,4,MPIAdvance-CXI-Single-Buffering2,0.449973,0.179244,tuolumne,16384,coarse,Standard,1000
128,4,Cray-MPICH-CXI-GPU-Enabled,0.383456,0.265003,tuolumne,16384,coarse,Standard,1000
1,1,MPIAdvance-CXI-Double-Buffering2,5.21893,87.5928,tuolumne,88320,coarse,Ready Send,1000
1,1,MPIAdvance-CXI-Single-Buffering2,4.86025,87.5144,tuolumne,88320,coarse,Standard,1000
1,1,Cray-MPICH-CXI-GPU-Enabled,4.97471,87.5808,tuolumne,88320,coarse,Standard,1000
1,1,MPIAdvance-CXI-Double-Buffering2,0.440466,2.99684,tuolumne,16384,coarse,Ready Send,1000
1,1,MPIAdvance-CXI-Single-Buffering2,0.442756,2.99438,tuolumne,16384,coarse,Standard,1000
1,1,Cray-MPICH-CXI-GPU-Enabled,0.221192,3.04057,tuolumne,16384,coarse,Standard,1000
1,2,MPIAdvance-CXI-Double-Buffering2,2.74136,43.7621,tuolumne,88320,coarse,Ready Send,1000
1,2,MPIAdvance-CXI-Single-Buffering2,2.54425,43.869,tuolumne,88320,coarse,Standard,1000
1,2,Cray-MPICH-CXI-GPU-Enabled,2.30259,43.9095,tuolumne,88320,coarse,Standard,1000
1,2,MPIAdvance-CXI-Double-Buffering2,0.381418,1.5227,tuolumne,16384,coarse,Ready Send,1000
1,2,MPIAdvance-CXI-Single-Buffering2,0.438295,1.52392,tuolumne,16384,coarse,Standard,1000
1,2,Cray-MPICH-CXI-GPU-Enabled,0.149439,1.55477,tuolumne,16384,coarse,Standard,1000
1,4,MPIAdvance-CXI-Double-Buffering2,1.54881,22.854,tuolumne,88320,coarse,Ready Send,1000
1,4,MPIAdvance-CXI-Single-Buffering2,1.46349,22.8507,tuolumne,88320,coarse,Standard,1000
1,4,Cray-MPICH-CXI-GPU-Enabled,1.2038,23.0631,tuolumne,88320,coarse,Standard,1000
1,4,MPIAdvance-CXI-Double-Buffering2,0.372711,0.831155,tuolumne,16384,coarse,Ready Send,1000
1,4,MPIAdvance-CXI-Single-Buffering2,0.370668,0.844656,tuolumne,16384,coarse,Standard,1000
1,4,Cray-MPICH-CXI-GPU-Enabled,0.183192,0.941844,tuolumne,16384,coarse,Standard,1000
1,1,MPIAdvance-CXI-Double-Buffering2,4.88529,87.4804,tuolumne,88320,coarse,Ready Send,1000
1,1,MPIAdvance-CXI-Single-Buffering2,4.86422,87.4523,tuolumne,88320,coarse,Standard,1000
1,1,Cray-MPICH-CXI-GPU-Enabled,4.67615,87.4456,tuolumne,88320,coarse,Standard,1000
1,1,MPIAdvance-CXI-Double-Buffering2,0.439918,2.99813,tuolumne,16384,coarse,Ready Send,1000
1,1,MPIAdvance-CXI-Single-Buffering2,0.442056,2.99834,tuolumne,16384,coarse,Standard,1000
1,1,Cray-MPICH-CXI-GPU-Enabled,0.231026,3.04936,tuolumne,16384,coarse,Standard,1000
1,2,MPIAdvance-CXI-Double-Buffering2,2.61603,44.0559,tuolumne,88320,coarse,Ready Send,1000
1,2,MPIAdvance-CXI-Single-Buffering2,2.58229,44.1699,tuolumne,88320,coarse,Standard,1000
1,2,Cray-MPICH-CXI-GPU-Enabled,2.29921,44.1794,tuolumne,88320,coarse,Standard,1000
1,2,MPIAdvance-CXI-Double-Buffering2,0.378792,1.52175,tuolumne,16384,coarse,Ready Send,1000
1,2,MPIAdvance-CXI-Single-Buffering2,0.391677,1.52307,tuolumne,16384,coarse,Standard,1000
1,2,Cray-MPICH-CXI-GPU-Enabled,0.143938,1.55144,tuolumne,16384,coarse,Standard,1000
1,4,MPIAdvance-CXI-Double-Buffering2,1.65125,22.8889,tuolumne,88320,coarse,Ready Send,1000
1,4,MPIAdvance-CXI-Single-Buffering2,1.46232,22.9156,tuolumne,88320,coarse,Standard,1000
1,4,Cray-MPICH-CXI-GPU-Enabled,1.26066,23.0986,tuolumne,88320,coarse,Standard,1000
1,4,MPIAdvance-CXI-Double-Buffering2,0.36587,0.833492,tuolumne,16384,coarse,Ready Send,1000
1,4,MPIAdvance-CXI-Single-Buffering2,0.373695,0.843261,tuolumne,16384,coarse,Standard,1000
1,4,Cray-MPICH-CXI-GPU-Enabled,0.143652,0.951722,tuolumne,16384,coarse,Standard,1000
1,1,MPIAdvance-CXI-Double-Buffering2,5.30425,87.9851,tuolumne,88320,coarse,Ready Send,1000
1,1,MPIAdvance-CXI-Single-Buffering2,4.83574,87.7361,tuolumne,88320,coarse,Standard,1000
1,1,Cray-MPICH-CXI-GPU-Enabled,4.97686,88.0581,tuolumne,88320,coarse,Standard,1000
1,1,MPIAdvance-CXI-Double-Buffering2,0.431851,2.99617,tuolumne,16384,coarse,Ready Send,1000
1,1,MPIAdvance-CXI-Single-Buffering2,0.435362,2.99705,tuolumne,16384,coarse,Standard,1000
1,1,Cray-MPICH-CXI-GPU-Enabled,0.222053,3.04439,tuolumne,16384,coarse,Standard,1000
1,2,MPIAdvance-CXI-Double-Buffering2,2.76441,44.0314,tuolumne,88320,coarse,Ready Send,1000
1,2,MPIAdvance-CXI-Single-Buffering2,2.54554,44.3213,tuolumne,88320,coarse,Standard,1000
1,2,Cray-MPICH-CXI-GPU-Enabled,2.25952,44.1948,tuolumne,88320,coarse,Standard,1000
1,2,MPIAdvance-CXI-Double-Buffering2,0.378629,1.53154,tuolumne,16384,coarse,Ready Send,1000
1,2,MPIAdvance-CXI-Single-Buffering2,0.383466,1.53297,tuolumne,16384,coarse,Standard,1000
1,2,Cray-MPICH-CXI-GPU-Enabled,0.136561,1.55912,tuolumne,16384,coarse,Standard,1000
1,4,MPIAdvance-CXI-Double-Buffering2,1.7076,22.7908,tuolumne,88320,coarse,Ready Send,1000
1,4,MPIAdvance-CXI-Single-Buffering2,1.52628,22.8208,tuolumne,88320,coarse,Standard,1000
1,4,Cray-MPICH-CXI-GPU-Enabled,1.25275,23.0173,tuolumne,88320,coarse,Standard,1000
1,4,MPIAdvance-CXI-Double-Buffering2,0.366284,0.834827,tuolumne,16384,coarse,Ready Send,1000
1,4,MPIAdvance-CXI-Single-Buffering2,0.465763,0.853618,tuolumne,16384,coarse,Standard,1000
1,4,Cray-MPICH-CXI-GPU-Enabled,0.167979,0.951246,tuolumne,16384,coarse,Standard,1000
1,1,MPIAdvance-CXI-Double-Buffering2,4.92973,87.598,tuolumne,88320,coarse,Ready Send,1000
1,1,MPIAdvance-CXI-Single-Buffering2,4.82915,87.4772,tuolumne,88320,coarse,Standard,1000
1,1,Cray-MPICH-CXI-GPU-Enabled,5.51145,87.4288,tuolumne,88320,coarse,Standard,1000
1,1,MPIAdvance-CXI-Double-Buffering2,0.439375,2.99613,tuolumne,16384,coarse,Ready Send,1000
1,1,MPIAdvance-CXI-Single-Buffering2,0.436754,2.9971,tuolumne,16384,coarse,Standard,1000
1,1,Cray-MPICH-CXI-GPU-Enabled,0.225204,3.04934,tuolumne,16384,coarse,Standard,1000
1,2,MPIAdvance-CXI-Double-Buffering2,2.60531,43.9486,tuolumne,88320,coarse,Ready Send,1000
1,2,MPIAdvance-CXI-Single-Buffering2,2.59318,43.7539,tuolumne,88320,coarse,Standard,1000
1,2,Cray-MPICH-CXI-GPU-Enabled,2.28563,43.982,tuolumne,88320,coarse,Standard,1000
1,2,MPIAdvance-CXI-Double-Buffering2,0.367919,1.52066,tuolumne,16384,coarse,Ready Send,1000
1,2,MPIAdvance-CXI-Single-Buffering2,0.379792,1.52153,tuolumne,16384,coarse,Standard,1000
1,2,Cray-MPICH-CXI-GPU-Enabled,0.130166,1.54648,tuolumne,16384,coarse,Standard,1000
1,4,MPIAdvance-CXI-Double-Buffering2,1.54284,22.8486,tuolumne,88320,coarse,Ready Send,1000
1,4,MPIAdvance-CXI-Single-Buffering2,1.45219,22.8555,tuolumne,88320,coarse,Standard,1000
1,4,Cray-MPICH-CXI-GPU-Enabled,1.19341,23.0374,tuolumne,88320,coarse,Standard,1000
1,4,MPIAdvance-CXI-Double-Buffering2,0.360074,0.83001,tuolumne,16384,coarse,Ready Send,1000
1,4,MPIAdvance-CXI-Single-Buffering2,0.410131,0.842767,tuolumne,16384,coarse,Standard,1000
1,4,Cray-MPICH-CXI-GPU-Enabled,0.10309,0.943433,tuolumne,16384,coarse,Standard,1000
1,1,MPIAdvance-CXI-Double-Buffering2,4.85516,87.8506,tuolumne,88320,coarse,Ready Send,1000
1,1,MPIAdvance-CXI-Single-Buffering2,4.82735,87.6947,tuolumne,88320,coarse,Standard,1000
1,1,Cray-MPICH-CXI-GPU-Enabled,4.97302,87.8721,tuolumne,88320,coarse,Standard,1000
1,1,MPIAdvance-CXI-Double-Buffering2,0.436546,2.99418,tuolumne,16384,coarse,Ready Send,1000
1,1,MPIAdvance-CXI-Single-Buffering2,0.440037,2.99549,tuolumne,16384,coarse,Standard,1000
1,1,Cray-MPICH-CXI-GPU-Enabled,0.224042,3.05187,tuolumne,16384,coarse,Standard,1000
1,2,MPIAdvance-CXI-Double-Buffering2,2.60182,44.0775,tuolumne,88320,coarse,Ready Send,1000
1,2,MPIAdvance-CXI-Single-Buffering2,2.57905,44.3727,tuolumne,88320,coarse,Standard,1000
1,2,Cray-MPICH-CXI-GPU-Enabled,2.27969,44.2483,tuolumne,88320,coarse,Standard,1000
1,2,MPIAdvance-CXI-Double-Buffering2,0.372963,1.52958,tuolumne,16384,coarse,Ready Send,1000
1,2,MPIAdvance-CXI-Single-Buffering2,0.373218,1.53021,tuolumne,16384,coarse,Standard,1000
1,2,Cray-MPICH-CXI-GPU-Enabled,0.136538,1.55707,tuolumne,16384,coarse,Standard,1000
1,4,MPIAdvance-CXI-Double-Buffering2,1.60122,22.874,tuolumne,88320,coarse,Ready Send,1000
1,4,MPIAdvance-CXI-Single-Buffering2,1.45152,22.8974,tuolumne,88320,coarse,Standard,1000
1,4,Cray-MPICH-CXI-GPU-Enabled,1.20565,23.1457,tuolumne,88320,coarse,Standard,1000
1,4,MPIAdvance-CXI-Double-Buffering2,0.366229,0.837501,tuolumne,16384,coarse,Ready Send,1000
1,4,MPIAdvance-CXI-Single-Buffering2,0.414304,0.851933,tuolumne,16384,coarse,Standard,1000
1,4,Cray-MPICH-CXI-GPU-Enabled,0.102818,0.949921,tuolumne,16384,coarse,Standard,1000
